year,pasture,litter_mean,litter_depth_mean,bare_mean,wsg_mean,fescue_mean,sedges_mean,csg_mean,csg_fear_mean,forbs_mean,legumes_mean,woody_mean,panic_mean,seed_cover_mean,seed_mix_mean,sdv_mean,avg_robel_mean,sd_robel_mean,litter_sd,litter_depth_sd,bare_sd,wsg_sd,fescue_sd,sedges_sd,csg_sd,csg_fear_sd,forbs_sd,legumes_sd,woody_sd,panic_sd,seed_cover_sd,seed_mix_sd,sdv_sd,avg_robel_sd,sd_robel_sd
2007,GIL,NA,NA,NA,0.11111111111111106,59.52222222222222,NA,28.322222222222223,NA,17.677777777777777,7.877777777777776,1.300000000000002,NA,NA,NA,NA,5.594444444444444,0.7071067811865475,NA,NA,NA,0.5496565719302979,26.06613359992117,NA,23.108356277279924,NA,20.001588576111658,10.71366635151737,7.873223002648776,NA,NA,NA,NA,2.0790480271331138,0.9539980920057239
2007,KLN,NA,NA,NA,37.06666666666666,24.299999999999997,NA,12.744444444444447,NA,22,18.399999999999995,0,NA,NA,NA,NA,5.241666666666666,0.5578286829360543,NA,NA,NA,37.31788738796885,30.550547541020933,NA,19.361470549075598,NA,18.699275957863037,26.84487271363447,0,NA,NA,NA,NA,1.182414450429404,0.7305103991018912
2007,KLT,NA,NA,NA,32.57777777777777,0.09999999999999996,NA,27.444444444444436,NA,33.15555555555555,18.23333333333333,2,NA,NA,NA,NA,7.327777777777778,0.6599663291074443,NA,NA,NA,31.76068440159827,0.5415334033707366,NA,34.495109932256376,NA,26.84868590976377,25.618221219026257,10.210151370632854,NA,NA,NA,NA,2.1751418797985194,0.9044211010861514
2007,LTR,NA,NA,NA,19.55555555555556,31.322222222222226,NA,32.86666666666667,NA,19.355555555555554,1.4000000000000001,2.533333333333334,NA,NA,NA,NA,5.755555555555556,0.7228202652129152,NA,NA,NA,28.794939907814207,31.82389314306977,NA,24.369902232702167,NA,20.33832443194685,3.732035622504219,7.055478387813181,NA,NA,NA,NA,2.6810764696674996,1.033037289959535
2007,PAW,NA,NA,NA,48.27472527472527,0.03296703296703294,NA,18.175824175824175,NA,57.27472527472528,1.3516483516483524,10.08791208791209,NA,NA,NA,NA,9.08241758241758,0.3574385926877054,NA,NA,NA,33.67460828249147,0.3144854510165759,NA,27.5788136907838,NA,25.226117829682405,6.03577045873391,17.20958928533635,NA,NA,NA,NA,2.282498309922383,0.7100361991838181
2007,PYN,NA,NA,NA,21.34444444444445,50.333333333333336,NA,15.299999999999997,NA,16.266666666666673,12.055555555555555,0.9111111111111109,NA,NA,NA,NA,5.075,0.4321208107251124,NA,NA,NA,24.307099398088695,25.412108942369905,NA,17.35773635114773,NA,17.92919908348615,11.851478939722107,4.6413976112016515,NA,NA,NA,NA,1.5535615117485748,0.5578293046117648
2007,PYS,NA,NA,NA,16.74157303370786,47.75280898876404,NA,23.123595505617978,NA,22.629213483146067,10.101123595505618,1.8539325842696621,NA,NA,NA,NA,5.25,0.5323163408932438,NA,NA,NA,24.065501567165906,27.23228402386186,NA,21.359381707470707,NA,19.259225665586808,10.39016683720743,5.814461910923948,NA,NA,NA,NA,1.609188813148922,0.7093602982169319
2007,PYW,NA,NA,NA,23.888888888888882,50.888888888888886,NA,15.288888888888888,NA,18.322222222222223,12.288888888888888,1.2333333333333327,NA,NA,NA,NA,5.26111111111111,0.5813989089756058,NA,NA,NA,27.659829487740655,28.116309171870167,NA,16.315873875603288,NA,18.524704293552045,13.630966434650619,5.147378519011158,NA,NA,NA,NA,1.4052025680230331,0.9573945083893745
2007,RCH2007,NA,NA,NA,4.7999999999999945,47.74444444444445,NA,34.555555555555564,NA,11.577777777777778,0.10000000000000005,6.188888888888888,NA,NA,NA,NA,6.547222222222223,0.801387685344754,NA,NA,NA,11.919392187203153,32.51777771720294,NA,32.78980079544163,NA,15.834096177168277,0.5415334033707362,15.446823930442049,NA,NA,NA,NA,2.7408925913383455,1.5368141568872233
2007,RIN,NA,NA,NA,64.06666666666666,0,NA,7.033333333333335,NA,36.86666666666667,0,5.599999999999999,NA,NA,NA,NA,6.650000000000001,0.5421151989096864,NA,NA,NA,28.645193775514628,0,NA,17.074852113931875,NA,23.647896069328173,0,13.249853610121702,NA,NA,NA,NA,3.0552385763833056,0.6613292083668167
2007,RIS,NA,NA,NA,9.333333333333334,33.855555555555554,NA,24.922222222222224,NA,21.177777777777774,11.988888888888889,6.077777777777776,NA,NA,NA,NA,5.538888888888887,0.9270955575556958,NA,NA,NA,17.90612223467564,34.52000270519315,NA,23.82342713380048,NA,20.49860383175366,13.438578078577837,12.99198350736639,NA,NA,NA,NA,2.4506107674583943,1.6028221054199905
2007,STE,NA,NA,NA,3.777777777777778,49.61111111111112,NA,30.55555555555556,NA,13.077777777777776,15.122222222222222,0.09999999999999995,NA,NA,NA,NA,5.580555555555556,0.5421151989096865,NA,NA,NA,11.073582063873612,35.925232735031344,NA,28.139344725810556,NA,17.033494945618823,16.171710476178564,0.5415334033707363,NA,NA,NA,NA,1.6628913232856426,0.6538563220522079
2008,GIL,NA,NA,NA,0.033333333333333305,54.67777777777778,NA,18.633333333333336,NA,20.511111111111106,11.622222222222222,0.9666666666666669,NA,NA,NA,NA,4.508333333333334,0.8642416214502248,NA,NA,NA,0.31622776601683805,25.00958368116348,NA,19.363146972384346,NA,19.872766326009817,16.959023833589725,6.667799529214852,NA,NA,NA,NA,2.2223488181792974,0.7093102978434163
2008,KLN,NA,NA,NA,17.651685393258433,19.98876404494382,NA,4.393258426966293,NA,14.921348314606742,14.76404494382022,0,NA,NA,NA,NA,2.637640449438203,0.5482063809199077,NA,NA,NA,25.219085991834316,21.471172207288923,NA,5.903808434792689,NA,14.434196075403971,21.363745028302528,0,NA,NA,NA,NA,1.4751787430002492,0.6374024790717902
2008,KLT,NA,NA,NA,25.90000000000001,0.9777777777777782,NA,23.43333333333333,NA,40.27777777777778,5.833333333333334,0.5222222222222223,NA,NA,NA,NA,6.155555555555556,0.79353094333157,NA,NA,NA,27.391481493832455,5.646870024505432,NA,28.11015650750463,NA,25.252445772204954,10.65627419763966,4.031415336204371,NA,NA,NA,NA,1.812324295155667,0.5691288215164025
2008,LTR,NA,NA,NA,8.155555555555553,30.74444444444444,NA,15.2,NA,17.077777777777776,6.133333333333333,2.688888888888888,NA,NA,NA,NA,3.375,0.7228202652129152,NA,NA,NA,14.317358923412604,27.1870595089662,NA,14.696326836046826,NA,17.05986009517418,12.2861024986259,7.573823110184815,NA,NA,NA,NA,1.185261787799631,0.7715283080272499
2008,PAW,NA,NA,NA,34.97752808988764,0,NA,14.8876404494382,NA,60.370786516853926,3.5505617977528106,3.7191011235955047,NA,NA,NA,NA,7.806179775280899,0.8183370613731955,NA,NA,NA,26.476394944832858,0,NA,19.092143911619285,NA,20.138939002516707,8.796966465718647,5.925654478707097,NA,NA,NA,NA,2.0669727015932664,0.8318850199484961
2008,PYN,NA,NA,NA,6.444444444444441,40.488888888888894,NA,17.622222222222224,NA,22.455555555555556,30.033333333333335,1.5111111111111097,NA,NA,NA,NA,3.0111111111111097,0.6913932971601798,NA,NA,NA,11.392991252866393,21.296327923405567,NA,15.806113010142257,NA,16.97199352741545,20.558193642504108,6.258916236811753,NA,NA,NA,NA,1.430953516031774,0.820918763021439
2008,PYS,NA,NA,NA,3.0337078651685405,33.80898876404493,NA,14.146067415730338,NA,19.95505617977528,31.101123595505623,0.8426966292134831,NA,NA,NA,NA,3.1994382022471917,0.5958765009998996,NA,NA,NA,8.354978698360101,20.52652187054946,NA,13.803450294794333,NA,16.895339669673007,25.772626838910544,4.394983908349117,NA,NA,NA,NA,1.4263051117155199,0.5101122470560056
2008,PYW,NA,NA,NA,9.966666666666665,36.84444444444445,NA,8.877777777777776,NA,23.988888888888894,25.244444444444433,1.411111111111111,NA,NA,NA,NA,3.302777777777778,0.6913932971601798,NA,NA,NA,15.545836539339566,23.64480184273643,NA,10.49968194037034,NA,18.46861561667533,23.789484557900508,5.375546890274341,NA,NA,NA,NA,1.3252593791301899,0.6617798420176264
2008,RCH2007,NA,NA,NA,0.06666666666666662,46.06666666666667,NA,35.32222222222223,NA,13.044444444444439,0.766666666666667,4.0555555555555545,NA,NA,NA,NA,6.605555555555556,1.0135197197007182,NA,NA,NA,0.44469406223690966,31.89441851773237,NA,33.045364725445275,NA,18.093956475128522,6.648561557699293,11.710324946902515,NA,NA,NA,NA,1.7721225203737978,1.370024193996163
2008,RIN,NA,NA,NA,28.04444444444445,1.4333333333333345,NA,27.31111111111111,NA,37.4,1.422222222222222,2.166666666666667,NA,NA,NA,NA,5.661111111111111,0.9270955575556956,NA,NA,NA,24.082214571684524,9.338876096274797,NA,22.655031162057757,NA,23.600514182172418,2.635018187591658,6.587782358616161,NA,NA,NA,NA,2.3903807437048927,1.009196167189592
2008,RIS,NA,NA,NA,7.655555555555557,25.266666666666666,NA,14.088888888888885,NA,24.299999999999994,31.055555555555557,2.866666666666668,NA,NA,NA,NA,2.86388888888889,0.9113820735293281,NA,NA,NA,15.22797625831632,24.924966049811776,NA,16.477866969822156,NA,18.297448707770236,24.529441659256257,8.611724435489625,NA,NA,NA,NA,1.493507066706456,1.536976619402283
2008,STE,NA,NA,NA,1.211111111111111,44.011111111111106,NA,15.466666666666672,NA,10.144444444444444,13.811111111111114,0.31111111111111117,NA,NA,NA,NA,4.952777777777779,0.9192388155425117,NA,NA,NA,3.3969399462974863,29.004259448696327,NA,21.124670065903004,NA,12.225926688630006,16.47803743935194,1.784102357901773,NA,NA,NA,NA,1.7441291750543897,0.8640770876971255
2009,GIL,NA,NA,NA,0.16666666666666666,60.166666666666664,NA,24.922222222222224,NA,28.36666666666666,20.855555555555554,0.4555555555555554,NA,NA,NA,NA,4.030555555555556,1.1235141078852922,NA,NA,NA,0.6910340728847176,23.20705530071269,NA,23.513432822455556,NA,21.06248062046919,21.481406180360796,4.014471325712604,NA,NA,NA,NA,2.4962971954256843,1.3897475498034773
2009,KLN,NA,NA,NA,26.288888888888888,30.777777777777782,NA,11.92222222222222,NA,31.822222222222223,29.922222222222224,0,NA,NA,NA,NA,3.1166666666666663,0.7306770072260991,NA,NA,NA,27.252149464527637,21.61708530372941,NA,11.673679005484782,NA,17.532363511151058,25.062272006989094,0,NA,NA,NA,NA,1.1086990047556045,0.722433465697396
2009,KLT,NA,NA,NA,46.79999999999999,2.1,NA,18.06666666666667,NA,49.32222222222222,14.044444444444443,0.06666666666666661,NA,NA,NA,NA,5.863888888888889,0.683536555146996,NA,NA,NA,30.33342799507805,9.563566162933625,NA,25.924176387077647,NA,26.18595033612953,16.343167566062103,0.44469406223690977,NA,NA,NA,NA,1.7100829170017524,0.6906274626271613
2009,LTR,NA,NA,NA,26.63333333333334,33.86666666666666,NA,29.600000000000005,NA,32.68888888888888,17.033333333333335,2.711111111111112,NA,NA,NA,NA,3.7999999999999994,0.738533749239283,NA,NA,NA,31.233606936234416,30.622823242979827,NA,19.983026505377175,NA,20.672754932624958,19.38692365974457,6.437677794109775,NA,NA,NA,NA,1.501029609181794,0.9475640627070196
2009,PAW,NA,NA,NA,56.5,0.9888888888888886,NA,19.877777777777776,NA,53.74444444444445,1.9333333333333333,9.955555555555561,NA,NA,NA,NA,6.33611111111111,0.9585225256084311,NA,NA,NA,30.56444655573575,9.067158226375138,NA,23.552393317055863,NA,22.538636545459873,6.607452380932623,14.956800047651184,NA,NA,NA,NA,1.720318558457062,0.8024618798822597
2009,PYN,NA,NA,NA,9.566666666666668,44.777777777777786,NA,23.211111111111116,NA,22.722222222222218,31.822222222222226,2.1444444444444435,NA,NA,NA,NA,2.813888888888888,0.4635477787778478,NA,NA,NA,12.206141390318628,23.4964868412843,NA,23.360147781414778,NA,17.955643085162592,23.177661551723507,9.012551935191244,NA,NA,NA,NA,1.6627787048261933,0.6461737957253814
2009,PYS,NA,NA,NA,7.655555555555556,36.733333333333334,NA,20.077777777777776,NA,33.81111111111111,38.2,0.5333333333333334,NA,NA,NA,NA,2.2666666666666666,0.5342584568965025,NA,NA,NA,10.584237921764577,20.54690441158659,NA,20.134507121574007,NA,21.841561476696775,22.12538325701192,2.445817342303001,NA,NA,NA,NA,1.1730829448532694,0.6730035904132411
2009,PYW,NA,NA,NA,12.522222222222224,39.611111111111114,NA,15.077777777777776,NA,32.63333333333334,21.22222222222222,2.1666666666666647,NA,NA,NA,NA,2.802777777777778,0.510688230856951,NA,NA,NA,17.174077524760012,18.849310448118207,NA,17.876120395642353,NA,21.627307956336193,18.365072967962917,8.281901209290616,NA,NA,NA,NA,1.3858709408415935,0.6536653593372559
2009,RCH2007,NA,NA,NA,1.2666666666666675,43.97777777777779,NA,52.09999999999999,NA,22.05555555555556,0.8666666666666664,3.7111111111111112,NA,NA,NA,NA,5.88611111111111,0.9349522995688795,NA,NA,NA,6.064818420357703,29.762723755451578,NA,33.63086129525489,NA,21.79390756590614,4.376135486676894,8.517324637248468,NA,NA,NA,NA,1.7166407583223648,0.9933926533829692
2009,RIN,NA,NA,NA,47.41111111111112,0,NA,36.91111111111112,NA,42.422222222222224,12.688888888888888,2.422222222222222,NA,NA,NA,NA,6.08611111111111,0.8642416214502249,NA,NA,NA,26.161939266180013,0,NA,23.92997483034143,NA,18.983717315007866,16.8313808338482,6.903797648579683,NA,NA,NA,NA,1.8708891681899367,0.6932886761763504
2009,RIS,NA,NA,NA,12.377777777777778,38.46666666666667,NA,40.26666666666667,NA,28.322222222222234,24.688888888888883,3.6444444444444435,NA,NA,NA,NA,2.9112777777777783,0.6629518910724543,NA,NA,NA,15.411638515998726,25.12271008067706,NA,24.668498767875477,NA,19.22184371763328,18.64249371155233,8.113397314320622,NA,NA,NA,NA,1.4731273698547687,0.9026598094440219
2009,STE,NA,NA,NA,2.4555555555555557,58.833333333333336,NA,18.211111111111112,NA,32.36666666666666,28.588888888888878,0.4222222222222222,NA,NA,NA,NA,2.808333333333333,1.3356461422412564,NA,NA,NA,10.178365590426807,29.221452024616553,NA,21.288016592368436,NA,25.22414128113753,21.824063846967288,2.403077510838161,NA,NA,NA,NA,1.7574280556502215,1.4120048876496736
2010,GIL,NA,NA,NA,0.577777777777778,51.94444444444444,7.200000000000001,23.322222222222223,NA,42.011111111111106,15.177777777777777,2.388888888888889,NA,NA,NA,NA,3.933333333333333,0.8171011693711216,NA,NA,NA,1.9370879208192335,23.98612010211444,11.984259339237965,20.66143766155195,NA,20.615525100177646,16.41086087189835,9.667150962942733,NA,NA,NA,NA,1.6170614213595715,0.935631200218052
2010,KLN,NA,NA,NA,30.788888888888884,32.77777777777778,1.9333333333333338,18.077777777777776,NA,27.033333333333335,23.922222222222224,0,NA,NA,NA,NA,3.702777777777778,0.5735421669624219,NA,NA,NA,27.09720100162278,19.454803732360535,4.0134604979418125,14.874930102963182,NA,19.64714005547757,18.424597492456957,0,NA,NA,NA,NA,1.1915517479488462,0.6079477768491145
2010,KLT,NA,NA,NA,53.400000000000006,4.1,1.4000000000000004,12.188888888888892,NA,37.41111111111111,17.34444444444444,0.244444444444445,NA,NA,NA,NA,5.361111111111111,0.7385337492392829,NA,NA,NA,24.404733377686316,9.95613976906329,5.153377860276358,17.1535657802184,NA,21.39982906812153,20.155107034583832,1.7373045835373866,NA,NA,NA,NA,1.2475318954689034,0.669656218284159
2010,LTR,NA,NA,NA,31.233333333333324,26.888888888888882,8.611111111111109,17.24444444444444,NA,32.18888888888889,12.866666666666662,1.6888888888888887,NA,NA,NA,NA,3.7777777777777772,0.5892556509887896,NA,NA,NA,29.769922986241376,23.47623443018968,9.961379856184626,16.528702383940452,NA,16.215469410096116,15.539149543630954,4.575568840290215,NA,NA,NA,NA,0.9424779409426755,0.5633966012828606
2010,PAW,NA,NA,NA,42.222222222222214,1.1888888888888904,15.233333333333336,4.8,NA,55.96666666666667,12.355555555555556,6.466666666666665,NA,NA,NA,NA,6.972222222222223,0.8878118474897764,NA,NA,NA,24.840062683241484,5.865332245241199,15.010894919761938,9.979979959899719,NA,16.120647657550116,18.979179077397824,11.13472148155984,NA,NA,NA,NA,1.6703143603591428,0.8647991980418536
2010,PYN,NA,NA,NA,8.922222222222226,32.266666666666666,18.833333333333332,24.377777777777776,NA,39.388888888888886,23.1,0.31111111111111117,NA,NA,NA,NA,2.9249999999999994,0.5578286829360541,NA,NA,NA,11.012993120771137,19.5722803296747,16.601238616305274,18.914697797190716,NA,21.332411613983425,15.228632110437761,1.7841023579017725,NA,NA,NA,NA,1.4059714143529116,0.6042401156438624
2010,PYS,NA,NA,NA,11.044444444444444,31.200000000000003,23.844444444444452,18.177777777777777,NA,37.74444444444444,41.5,0.033333333333333326,NA,NA,NA,NA,2.7249999999999996,0.3771236166328254,NA,NA,NA,12.852587822412813,20.340472744276976,17.509490916637187,14.24707955705725,NA,20.44260868108301,17.92070549373708,0.31622776601683816,NA,NA,NA,NA,0.8047000278560086,0.4880596758502094
2010,PYW,NA,NA,NA,11.077777777777776,38.27777777777778,14.733333333333333,9.722222222222221,NA,36.63333333333334,29.744444444444447,2.033333333333335,NA,NA,NA,NA,2.891666666666667,0.565685424949238,NA,NA,NA,16.52932550795147,20.70880384773574,12.560684157992906,9.630275035191529,NA,20.554367479246604,19.398575825815477,8.889395272717211,NA,NA,NA,NA,1.0174392287845317,0.6636636483959685
2010,RCH2007,NA,NA,NA,1.222222222222223,48.58888888888888,3.9222222222222216,28.94444444444444,NA,35.2,3.2333333333333325,3.622222222222224,NA,NA,NA,NA,4.813888888888889,0.7385337492392832,NA,NA,NA,3.7259423897365176,18.189943168119733,7.524085338084721,25.174162387954063,NA,22.387898014956416,11.214006089898012,8.261971603771277,NA,NA,NA,NA,0.904546188837433,0.7710427137435242
2010,RIN,NA,NA,NA,43.56666666666667,0,19.511111111111106,3,NA,34.27777777777778,20.97777777777778,1.233333333333333,NA,NA,NA,NA,5.055555555555555,0.8249579113843054,NA,NA,NA,24.58191991112277,0,15.226561981051276,9.711570765925202,NA,19.284404700927734,22.49643056719598,4.0281314150148075,NA,NA,NA,NA,1.612703161044507,1.0399330142645267
2010,RIS,NA,NA,NA,24.555555555555557,22.93333333333333,18.22222222222222,16.05555555555556,NA,31.56666666666667,35.65555555555555,1.1222222222222222,NA,NA,NA,NA,3.4111111111111105,0.6128258770283412,NA,NA,NA,21.26457787400917,21.224217670631273,16.67318224701563,11.998465361712087,NA,20.080763896119237,17.540425930481888,3.717035721755174,NA,NA,NA,NA,1.1282326284592639,0.6885908098216148
2010,STE,NA,NA,NA,8.822222222222223,44.333333333333336,8.555555555555554,20.5,NA,38.388888888888886,26.87777777777778,0.2777777777777778,NA,NA,NA,NA,3.6111111111111116,0.6678230711206282,NA,NA,NA,13.867412109032742,20.922543081297835,10.117413080461773,15.70461178955641,NA,19.8622754868521,17.395484224669815,1.7611779623964614,NA,NA,NA,NA,1.4192254925668297,0.6650260712225823
2011,GIL,NA,NA,NA,4.693181818181819,56.89772727272727,16.93181818181818,75.04545454545455,NA,66.27272727272728,21.72727272727273,9.90909090909091,NA,NA,NA,NA,5.485795454545455,1.1410132150964745,NA,NA,NA,8.58139923020549,28.41645944147745,27.453951186244154,18.311424165351738,NA,20.24603112673038,20.294797064242548,21.430795525719624,NA,NA,NA,NA,3.024174142644,1.5026100593951874
2011,KLN,NA,NA,NA,31.298076923076927,36.3076923076923,3.0961538461538463,7.259615384615383,NA,20.730769230769234,6.432692307692308,0.18269230769230776,NA,NA,NA,NA,3.536057692307692,0.5643256042161869,NA,NA,NA,30.528000773344555,30.246263324719788,9.233244315919562,9.22111885078723,NA,18.3214187187717,10.080033540432842,1.593460075183053,NA,NA,NA,NA,1.4457916286700816,0.5860829963120356
2011,KLT,NA,NA,NA,43.144444444444446,1.0777777777777775,2.422222222222224,14.922222222222226,NA,35.33333333333333,8.04444444444444,1.2666666666666673,NA,NA,NA,NA,4.322222222222222,0.7385337492392829,NA,NA,NA,28.799407418650446,3.3827977842222277,7.611312954667063,19.318284857556662,NA,22.941547609992945,13.600984028437896,7.190505600200639,NA,NA,NA,NA,1.5606846508106322,0.7563299255646432
2011,LTR,NA,NA,NA,35.433333333333344,26.388888888888875,4.699999999999999,7.8666666666666645,NA,21.466666666666665,3.044444444444444,3.8555555555555565,NA,NA,NA,NA,4.477777777777778,0.8878118474897764,NA,NA,NA,35.73625295523998,29.43730509635402,13.083525965327283,13.539123500749202,NA,18.069901723988615,10.327133575689695,8.476750902773155,NA,NA,NA,NA,1.6252244635138848,0.9862032012001528
2011,PAW,NA,NA,NA,46.48275862068966,0.8735632183908046,56.448275862068975,15.574712643678158,NA,71.97701149425288,9.75862068965517,16.609195402298855,NA,NA,NA,NA,8.241379310344827,0.7721280943991036,NA,NA,NA,27.2455936565323,5.727949829464633,44.574410904216116,22.779342020382916,NA,21.729830001525897,18.346132928337177,20.976374485463342,NA,NA,NA,NA,1.537065440508038,0.6788514916887023
2011,PYN,NA,NA,NA,19.94444444444444,38.75555555555555,15.077777777777776,12.166666666666666,NA,23.377777777777776,15.43333333333333,0.5333333333333333,NA,NA,NA,NA,3.2749999999999995,0.6678230711206282,NA,NA,NA,24.026371798977912,27.755072868083225,18.236417311373334,16.273125291153292,NA,20.43052231826816,14.196889990179473,2.888178151310592,NA,NA,NA,NA,1.240157882301164,0.7371453526349883
2011,PYS,NA,NA,NA,12.88888888888889,33.222222222222214,8.744444444444447,6.755555555555555,NA,35.277777777777786,14.655555555555557,1.8000000000000005,NA,NA,NA,NA,2.780555555555556,0.4085505846855609,NA,NA,NA,15.847194799750001,23.701219699225643,9.15234495783545,7.607375355551325,NA,24.496286248124694,14.95698785327267,6.614930337561113,NA,NA,NA,NA,0.8174946120306396,0.4854949724658719
2011,PYW,NA,NA,NA,17.677777777777774,33.644444444444446,5.177777777777778,5.866666666666666,NA,26.46666666666667,16.211111111111112,1.9777777777777785,NA,NA,NA,NA,3.4305555555555554,0.5185449728701349,NA,NA,NA,22.269961518096036,27.925788939439776,12.13461737453913,11.99831448836868,NA,23.17069051358644,20.775144204772403,6.778979038468476,NA,NA,NA,NA,1.2253340394010344,0.7702327096185224
2011,RCH2007,NA,NA,NA,2.0444444444444443,39.08888888888888,4.0222222222222195,34.79999999999999,NA,27.377777777777776,6.533333333333335,6.644444444444444,NA,NA,NA,NA,4.219444444444444,0.8799551054765925,NA,NA,NA,7.4936843987230555,23.220314839025576,9.569353914036462,24.356066544663772,NA,20.43052231826815,18.87998762140138,11.263255472783769,NA,NA,NA,NA,1.4245183385547906,0.9616880705658483
2011,RIN,NA,NA,NA,47.53333333333333,0,85.84444444444445,41.36666666666666,NA,63.06666666666667,11.411111111111113,10.088888888888889,NA,NA,NA,NA,7.352777777777778,0.79353094333157,NA,NA,NA,27.63046681887973,0,29.774776713513326,21.681271367009074,NA,19.07925516177425,16.613852649977233,18.787782573589112,NA,NA,NA,NA,2.967259177880171,0.8534647019667075
2011,RIS,NA,NA,NA,25.0989010989011,17.538461538461537,6.263736263736265,13.384615384615383,NA,33.3956043956044,11.769230769230766,4.2967032967032965,NA,NA,NA,NA,4.585164835164835,0.6837955686199579,NA,NA,NA,27.45584533798664,20.178265365545997,13.056148117381468,15.12523221549506,NA,27.77083967076863,14.492969117684405,12.358977398811064,NA,NA,NA,NA,2.0474305646277524,0.859266802768173
2011,STE,NA,NA,NA,5.677777777777778,45.7,7.311111111111112,13.577777777777778,NA,21.433333333333334,21.6,0.9555555555555555,NA,NA,NA,NA,1.963888888888889,0.455691036764664,NA,NA,NA,12.452000225384824,20.731808053533097,10.670387927664178,14.335449717457347,NA,12.463925473230619,17.434822445550317,3.6960687013627833,NA,NA,NA,NA,0.8509422331420731,0.5117837402204737
2012,GIL,65.52222222222221,0.6111111111111113,65.52222222222221,0.9222222222222223,49.58888888888889,4.166666666666667,15.555555555555554,NA,32.777777777777786,11.822222222222223,3.4555555555555566,NA,NA,NA,NA,6.019444444444444,1.2256517540566825,24.26827020672191,0.9614121687924079,24.26827020672191,3.346061840089457,22.314853442154135,8.24382642692721,12.715655316865439,NA,22.88799193423318,14.35158667012336,12.753638926505074,NA,NA,NA,NA,3.490200522590377,1.6986445356303856
2012,KLN,61.37777777777777,3.15340909090909,61.37777777777777,34.71111111111111,46.13333333333334,2.377777777777777,11.033333333333335,NA,27.9,6.833333333333334,0,NA,NA,NA,NA,2.7,0.6521095870942605,30.786534988193726,3.4590028748459094,30.786534988193726,32.12274368220917,33.09407768057738,11.00212214236215,13.718231942945463,NA,24.515095097520017,12.87472046167576,0,NA,NA,NA,NA,1.4501065439353222,0.7284567169807391
2012,KLT,18.37777777777778,0.5527777777777776,18.37777777777778,43.47777777777778,2.3111111111111113,1.3222222222222217,9.466666666666665,NA,30.43333333333333,6.533333333333334,2.788888888888887,NA,NA,NA,NA,5.3916666666666675,0.9506657835952473,21.556603189595016,0.8197821412126437,21.556603189595016,32.723639456452666,10.678808632414956,4.919184589819141,17.84653681823155,NA,27.895893942951606,11.894857731366027,11.516958131132398,NA,NA,NA,NA,2.659002622003263,1.171578744283724
2012,LTR,39.46666666666667,0.12777777777777777,39.46666666666667,25.555555555555568,24.188888888888897,9.411111111111113,19.5,NA,21.044444444444444,4.188888888888888,2.2222222222222228,NA,NA,NA,NA,3.7000000000000006,1.084230397819373,21.131583476510198,0.2548530212141354,21.131583476510198,26.150433906689113,22.891485313870664,10.054787494549517,15.614923717284988,NA,15.321946594369109,7.942057645877233,4.521553322083512,NA,NA,NA,NA,2.0011232800660914,1.6047681760542247
2012,PAW,90.93333333333334,11.75903614457831,90.93333333333334,43.32222222222222,0.5222222222222223,5.7666666666666675,9.177777777777777,NA,34.25555555555555,3.4666666666666655,10.033333333333335,NA,NA,NA,NA,5.658333333333333,0.8720983634634087,5.937502217622292,4.983271678388491,5.937502217622292,28.655186709273437,2.4459449486109537,8.186107716770024,12.715184037936755,NA,22.377537448793593,9.45622676965296,13.378206325751679,NA,NA,NA,NA,1.859325871553777,0.8614724786437891
2012,PYN,65.55555555555556,2.53932584269663,65.55555555555556,17.84444444444445,49,4.355555555555556,10.888888888888891,NA,10.544444444444444,7.088888888888889,1.833333333333333,NA,NA,NA,NA,2.2861111111111105,0.5578286829360543,29.87844704803944,2.5313093080606657,29.87844704803944,20.679420976784655,26.100497218562328,5.171901419655223,8.836141875611919,NA,12.63325477034261,7.829136655725997,6.613316494481412,NA,NA,NA,NA,1.3736899331579253,0.6490653993506409
2012,PYS,69.03333333333336,1.3000000000000012,69.03333333333336,10.222222222222221,43.422222222222224,10.133333333333335,25.6,NA,26.53333333333333,24.6,0.7222222222222228,NA,NA,NA,NA,3.0861111111111104,0.79353094333157,27.417475768715292,1.7923056521034013,27.417475768715292,15.144085342104315,22.094270840989665,12.193385571095234,14.972484125851535,NA,17.49747975431917,16.10345765090859,4.075213588606007,NA,NA,NA,NA,1.3952976360381257,1.2800446699446402
2012,PYW,22.388888888888893,0.8194444444444443,22.388888888888893,19.211111111111116,33.93333333333333,10.800000000000002,32.011111111111106,NA,52.67777777777778,15.27777777777778,1.166666666666667,NA,NA,NA,NA,2.375,0.6521095870942605,17.05292122620245,0.7843516769018068,17.05292122620245,19.344014226421812,24.714459216863762,14.048231525311795,20.341187775050777,NA,21.59474955838544,16.03859654944613,5.143447888311436,NA,NA,NA,NA,1.3118142938590942,0.836174930476305
2012,RCH2007,44.79999999999999,1.5612222222222225,44.79999999999999,7.033333333333335,43.3,3.5777777777777784,43.077777777777776,NA,44.555555555555564,5.922222222222225,6.866666666666668,NA,NA,NA,NA,4.45,1.422070304386279,26.59399273216045,1.6045502907218827,26.59399273216045,16.307060578752402,24.753367720032465,6.7507432429388805,25.059133560071917,NA,23.960225051517174,17.300534367130542,14.615829497846237,NA,NA,NA,NA,2.2317298173228965,1.6197324111239617
2012,RIN,60.355555555555554,0.1416666666666667,60.355555555555554,39.83333333333333,0,12.233333333333333,15.3,NA,26.244444444444444,5.722222222222219,3.766666666666667,NA,NA,NA,NA,6.038888888888889,1.1627978179512115,20.637759171491314,0.25978059022217137,20.637759171491314,22.836620502058885,0,8.607613562187558,10.948757048125437,NA,22.181230607451063,11.378106097986105,8.363981096061908,NA,NA,NA,NA,3.5987105819562855,1.1233532822554348
2012,RIS,56.944444444444436,3.7011494252873574,56.944444444444436,24.96666666666667,30.711111111111116,7.877777777777776,17.377777777777776,NA,18.322222222222223,11.988888888888889,4.111111111111109,NA,NA,NA,NA,3.5444444444444443,0.848528137423857,28.4961503850352,3.9347584735094365,28.4961503850352,24.517111657879752,26.51912366764549,12.667598033962964,17.120575555914964,NA,16.08462716264503,10.03980218754552,12.222142775817167,NA,NA,NA,NA,1.7011966119791206,1.0011229649804438
2012,STE,36.1,1.3250000000000002,36.1,13.377777777777778,62.12222222222223,5.911111111111111,13.355555555555556,NA,37.8,21.266666666666666,0.4888888888888893,NA,NA,NA,NA,3.216666666666667,1.0528034297666373,22.451470760862044,1.0980383427946363,22.451470760862044,21.781126650205895,25.316348041380504,12.046393879212715,16.744820504646622,NA,21.674403689165228,18.098854641270602,4.0230918973448615,NA,NA,NA,NA,1.9146830641009636,0.9957462587101853
2013,GIL,63.5,0.6583333333333334,63.5,0.6555555555555558,54.05555555555556,19.67777777777777,22.055555555555557,NA,25.111111111111107,10.455555555555556,6.966666666666666,NA,NA,NA,NA,4.691666666666667,1.7441967269268173,28.40131742473708,1.1094904691450007,28.40131742473708,2.4956641551960823,22.936336468293423,26.53715977528164,14.845542675440983,NA,20.3935682989771,16.112777476353877,18.117252315422295,NA,NA,NA,NA,3.359133532607425,2.746192461155603
2013,KLN,27.044444444444448,0.7972222222222224,27.044444444444448,21.37777777777778,45.922222222222224,17.177777777777777,12.155555555555557,NA,17.666666666666668,13.577777777777774,0.03333333333333331,NA,NA,NA,NA,1.8472222222222223,0.4321208107251124,23.37765720574806,1.6459408891988145,23.37765720574806,23.752742137513,25.33338507781035,23.232376564805826,10.093841832836347,NA,14.03847041829676,14.87700720309193,0.31622776601683816,NA,NA,NA,NA,0.929158164083299,0.48220519251703087
2013,KLT,69.41111111111111,0.4611111111111111,69.41111111111111,48.76666666666668,2.955555555555559,16.899999999999995,17.400000000000006,NA,37.4,13.966666666666669,2.1111111111111094,NA,NA,NA,NA,6.527777777777778,0.7778174593052023,18.923794215632487,0.8788327862382531,18.923794215632487,34.192794431155185,7.306932388071289,30.470855480407266,22.737288089456086,NA,26.152878115187725,17.964665693609394,11.368638554012758,NA,NA,NA,NA,2.705966266088417,0.9832873092765257
2013,LTR,11.433333333333332,0.2694444444444445,11.433333333333332,22.866666666666664,29.644444444444446,23.511111111111106,34.27777777777778,NA,24.522222222222222,9.722222222222218,6.111111111111108,NA,NA,NA,NA,3.2361111111111116,0.7149635231997314,12.642935585722146,0.4932519038981258,12.642935585722146,21.617304761892473,21.223958854633395,20.205819856044734,14.350373113246507,NA,17.698617845976784,14.061684155832012,13.748498953364388,NA,NA,NA,NA,1.4198438705467191,0.7227790036655912
2013,PAW,28.147727272727273,0.21590909090909097,28.147727272727273,35.03409090909091,0.7159090909090907,63.38636363636364,27.03409090909091,NA,64.97727272727272,11.329545454545451,17.67045454545454,NA,NA,NA,NA,6.2414772727272725,0.538365390221576,24.39970782410677,0.6137572929334928,24.39970782410677,26.888209980317836,2.9709275754059083,28.29419818607139,17.89204463534057,NA,24.3904905497634,17.015693629002342,17.07234208182433,NA,NA,NA,NA,2.161061116420084,0.6064245902823036
2013,PYN,53.077777777777776,0.5777777777777773,53.077777777777776,12.055555555555559,38.611111111111114,26.72222222222222,25.666666666666664,NA,12.47777777777778,28.18888888888889,2.288888888888889,NA,NA,NA,NA,2.275,0.4164073266987447,31.757588769370454,1.2193687607863022,31.757588769370454,13.263416875601097,15.75493105932694,22.85126691237544,13.167034082011568,NA,10.253229447708943,19.931847050422803,6.133797409572055,NA,NA,NA,NA,1.2966302479889942,0.5071892633070842
2013,PYS,17.373626373626372,0.5164835164835165,17.373626373626372,16.890109890109887,39.71428571428571,31.417582417582413,36.252747252747255,NA,27.615384615384606,32.175824175824175,1.9890109890109864,NA,NA,NA,NA,2.1346153846153846,0.45068344295406326,17.534504619716298,0.8289905154615911,17.534504619716298,17.615933790779394,20.623226234453714,25.735002508069705,15.28368295244849,NA,18.211577044878318,20.77316292537798,5.941370035595989,NA,NA,NA,NA,0.8268982305947233,0.46567136142328597
2013,PYW,19.02222222222222,0.5527777777777777,19.02222222222222,17,34.5,15.26666666666667,29.3,NA,17.177777777777777,25.922222222222224,1.3,NA,NA,NA,NA,3.1944444444444446,0.6363961030678927,13.532298257496315,0.6037039749647712,13.532298257496315,16.207918719363175,20.357065416202566,19.399872581534538,16.668917451015336,NA,16.005320588512863,16.087700499629918,5.150433602342123,NA,NA,NA,NA,1.071055460865444,0.6452070480330022
2013,RCH2007,81.13483146067416,3.342696629213483,81.13483146067416,6,36.60674157303371,11.741573033707866,38.14606741573034,NA,22.325842696629216,3.1573033707865155,4.808988764044946,NA,NA,NA,NA,6.502808988764045,1.302983282186447,16.153518481936736,2.4701001838557,16.153518481936736,14.680692329475722,28.43038466529336,23.95000858316778,32.32595022923033,NA,22.610725170761363,9.9805479859626,12.506249714455846,NA,NA,NA,NA,2.0686012999367716,1.3812826565637457
2013,RIN,72.17777777777778,3.7949438202247183,72.17777777777778,54.144444444444446,0,53.388888888888886,14.066666666666668,NA,34.611111111111114,3.622222222222223,4.899999999999996,NA,NA,NA,NA,5.486111111111111,0.6992500391733637,22.4327097542039,2.186789429316781,22.4327097542039,30.333191340162358,0,40.10791466751021,15.458389235389593,NA,25.12158946361729,8.727559059729902,12.182184450152121,NA,NA,NA,NA,2.0910997560524938,0.7532285897153294
2013,RIS,64.92222222222222,2.1590909090909096,64.92222222222222,18.955555555555556,34.58888888888889,26,13.911111111111111,NA,19.166666666666664,19.822222222222223,6.344444444444443,NA,NA,NA,NA,3.474999999999999,0.8956685895029601,31.06652079180039,2.142945462677097,31.06652079180039,22.03159687639199,24.696765218034255,33.012425308042744,13.956307779690444,NA,15.850601661568172,18.545769545638983,14.087336819876711,NA,NA,NA,NA,1.8016261381243985,1.2577847478444442
2013,STE,71.20224719101124,1.8061797752808988,71.20224719101124,7.865168539325842,57.449438202247194,26.87640449438202,13.101123595505618,NA,12.943820224719099,10.269662921348313,1.0674157303370786,NA,NA,NA,NA,3.455056179775281,0.8818972214798514,21.940611874745017,1.4070403380031902,21.940611874745017,16.422124081441833,26.399901530444392,35.32344708827496,13.634885857958274,NA,14.697216457672424,13.150150400923367,5.8887368471302715,NA,NA,NA,NA,1.5934711421606842,0.6681121544083993
2014,235,32.03333333333335,0.12222222222222223,32.03333333333335,5.1000000000000005,2.9000000000000004,2.0666666666666664,29.76666666666667,NA,29.73333333333333,9.533333333333335,0.2999999999999999,0.3444444444444444,NA,3.8888888888888884,0,1.613888888888889,0.7778174593052023,33.87599660626111,0.4057944843705593,33.87599660626111,10.925745288645512,8.73845948421707,3.996627792009804,23.35512358675949,NA,22.57760648533723,15.843475955013105,1.7638695969532912,0.5227651439750987,NA,6.0660122295902195,0,1.357025576207721,1.02249969094251
2014,BSH,90.58888888888889,1.911111111111111,90.58888888888889,0.3888888888888887,33.96666666666667,6.077777777777776,37.855555555555554,NA,29.077777777777776,2.7222222222222228,0.4888888888888888,0.033333333333333305,NA,1.011111111111111,0,4.747222222222223,0.9113820735293281,15.453369106091028,1.6409913723553875,15.453369106091028,2.387676433598268,23.960852904479687,21.4309593223951,28.745907812765715,NA,25.049267309824685,8.950585666328603,2.4322017788690125,0.23464053310389696,NA,4.653123741027453,0,2.8899512175727224,1.2730766256912431
2014,DUN,87.77777777777777,0.8138888888888888,87.77777777777777,21.25555555555555,1.3333333333333333,32.55555555555557,44.922222222222224,NA,42.011111111111106,27.52222222222221,0,0.9444444444444448,NA,5.433333333333331,0,7.916666666666666,1.9563287612827815,7.386257780162168,1.3023105606975514,7.386257780162168,29.404792512813263,4.0335670220474,32.086999401420606,26.43551738241384,NA,27.830342524728202,25.55902082568969,0,0.8658451883202493,NA,9.52943399995774,0,2.959463966040496,1.8963299859809046
2014,GIL,72.26666666666667,1.4555555555555555,72.26666666666667,3.388888888888891,69.97777777777777,10.47777777777778,25.2,NA,21.144444444444446,9.677777777777777,2.1333333333333333,0.2555555555555555,NA,4.955555555555558,0,2.2638888888888884,0.9113820735293278,21.427589062554564,1.228510664151957,21.427589062554564,6.448925429945578,18.90899422026387,17.46021337744809,16.015582299888262,NA,17.91901953020436,12.90921435374598,7.788207738323427,0.5520362940175311,NA,10.824349487277367,0,1.6081608550857758,1.8458713250966292
2014,KLN,51.099999999999994,0.4138888888888888,51.099999999999994,18.622222222222224,33.13333333333334,8.766666666666667,20.844444444444445,NA,13.4,19.97777777777778,0,0.12222222222222222,NA,3.6111111111111103,2.8555555555555565,1.7583333333333335,0.40069384267237695,31.560909543863826,0.9916513233320288,31.560909543863826,18.712237045071905,25.721149431739782,22.72950366987038,20.6767040986836,NA,11.64435533792898,26.13060445891494,0,0.32937727344895745,NA,8.118081420050661,4.626647562265602,0.7592593226962207,0.57131820764091
2014,KLT,82.48181818181818,3.286764705882352,82.48181818181818,34.79090909090909,3.745454545454544,3.96363636363636,20.936363636363637,NA,28.63636363636364,10.581818181818184,1.890909090909091,0.18181818181818188,NA,17.554545454545448,33.93636363636364,5.111363636363636,0.8549563808891893,22.563968930832925,3.674469898257087,22.563968930832925,30.388945193798023,9.986629927779877,16.264966162590845,23.94461394790616,NA,22.872092394635786,12.886506575086912,8.678081061449639,0.47277859476332934,NA,16.825377492738276,19.662882311197063,1.9927006603103574,1.0140999287814931
2014,LTR,70.67777777777778,0.3250000000000002,70.67777777777778,18.5,24.06666666666667,39.922222222222224,27.522222222222226,NA,12.333333333333332,12.822222222222223,4.01111111111111,0.7222222222222222,NA,6.877777777777776,0.03333333333333331,1.4083333333333334,0.29855619650098675,19.70218021231665,0.56768057563656,19.70218021231665,17.792972984873817,18.86188714092135,26.839610078455785,15.914256048211607,NA,10.671815236848806,17.0000514062526,10.914884635978943,0.60014563359496,NA,9.715998364539043,0.31622776601683816,0.7405301016573699,0.6702152746372272
2014,PAW,70.84444444444445,3.195402298850575,70.84444444444445,42.044444444444444,0.2555555555555554,31.055555555555564,12.68888888888889,NA,47.388888888888886,3.1444444444444444,11.111111111111109,0.4222222222222222,NA,19.266666666666673,0,5.6722222222222225,0.6913932971601798,16.407665453773316,2.32198331654649,16.407665453773316,23.67566954363858,1.7389206978778886,32.718534454937036,14.180731066592482,NA,23.017186761027286,5.880000594494952,14.605251052348345,0.59920880001672,NA,14.372883332195343,0,1.5450375638339438,1.0756642984204592
2014,PYN,63.36666666666666,0.2611111111111111,63.36666666666666,10.933333333333332,27.811111111111114,26.244444444444444,23.2,NA,10.622222222222224,39.27777777777778,0.3888888888888887,0.7,NA,1.9666666666666666,0.23333333333333328,1.3805555555555555,0.21213203435596426,24.52352688310792,0.6053496425726186,24.52352688310792,11.338311310366567,14.935738336300522,25.85278595862972,14.862818399836453,NA,7.907581027271958,22.231684939089998,2.3876764335982683,0.6262067002681095,NA,4.552934601237542,0.8079659576764628,0.532942565177316,0.3740155617744242
2014,PYS,62.86666666666666,1.0333333333333332,62.86666666666666,9.144444444444444,29.84444444444445,5.844444444444443,20.677777777777777,NA,12.877777777777778,17.422222222222224,0.9888888888888893,0.7222222222222221,NA,3.9555555555555584,0,1.35,0.3142696805273545,24.620809687394953,1.077867224109254,24.620809687394953,8.884478462636881,15.430825060489829,8.087875668799414,14.38853146442928,NA,12.324113367181473,10.873096142559547,3.6917595586929806,0.4978104367741783,NA,6.770575981856524,0,0.6313442053412526,0.36889009220205976
2014,PYW,80,0.9222222222222222,80,15.200000000000006,29.37777777777778,3.477777777777778,18.288888888888888,NA,6.477777777777779,17.577777777777776,0.8666666666666665,0.7333333333333333,NA,3.244444444444444,0,1.5305555555555557,0.28284271247461906,18.061692033171298,1.175382106435961,18.061692033171298,16.603235098327588,19.897251675036046,3.831354317355498,11.550810511417005,NA,7.265785260773981,13.04269374687535,3.342608817655031,0.49264249635357615,NA,5.407674760662259,0,0.6826787309473544,0.4472135954999578
2014,RC2,48.65555555555555,0.9666666666666666,48.65555555555555,0.5999999999999995,24.344444444444452,11.344444444444445,49.666666666666664,NA,16.1888888888889,17.111111111111125,0.5888888888888891,0.0777777777777778,NA,0.45555555555555544,0,4.366666666666666,0.683536555146996,19.255328234497252,1.369408959688961,19.255328234497252,2.909882425517753,20.457772958144574,19.467149575868543,28.44588791593335,NA,24.79665365446368,25.08567093764906,2.898641465767399,0.3740990008299575,NA,1.8672885534439272,0,1.6524581621112495,0.737822487101003
2014,RCH2014,63.51111111111111,2.28735632183908,63.51111111111111,3.5,43.388888888888886,9.766666666666664,37.144444444444446,NA,14.166666666666668,4.188888888888891,2.188888888888888,0.1444444444444445,NA,4.088888888888889,0,2.297222222222222,0.6442528450810766,33.8111890410488,2.5965453165428736,33.8111890410488,10.204922804127538,25.39560894737002,17.837625931620067,23.785823892125666,NA,14.059464403946647,9.094873780797583,5.950912392408602,0.4122045720736875,NA,7.2988292803654575,0,1.2530269218641532,1.2345423773197313
2014,RIN,89.23333333333333,3.0840909090909085,89.23333333333333,46.23333333333332,0.6999999999999995,54.955555555555556,28.611111111111118,NA,24.677777777777777,5.211111111111112,4.2333333333333325,0.46666666666666656,NA,11.52222222222222,23.577777777777776,5.76388888888889,1.0763736558061892,7.469864550612308,2.944823487231601,7.469864550612308,26.31659023027707,6.640783086353592,38.160486391004014,18.62081380114008,NA,16.03285095087532,10.784398265205693,12.15633186838784,0.5446367720629466,NA,12.308056900630731,18.06851988228641,3.1800733842300932,1.723035529437907
2014,RIS,71.89247311827958,0.817204301075269,71.89247311827958,16.075268817204307,24.860215053763437,8.193548387096778,20.107526881720425,NA,21.19354838709678,15.612903225806452,4.9247311827957,0.5094339622641509,NA,7.773584905660377,0,2.346774193548387,0.6082638977948797,24.043647975039896,1.1028247974607497,24.043647975039896,17.78692519260669,20.042667203965173,11.262923074634456,14.496223170485086,NA,16.019864071857338,11.863381967089097,10.20681417649374,0.575881982749202,NA,9.738191092161832,0,1.0141875751495173,0.5671381038146739
2014,STE,82.35555555555555,1.2305555555555554,82.35555555555555,5.911111111111111,62.74444444444444,9.322222222222223,27.95555555555556,NA,10.244444444444445,10.47777777777778,1.588888888888889,0.6777777777777778,NA,3.4888888888888894,5.011111111111111,2.677777777777778,0.5342584568965026,18.770830293639346,1.498701581190588,18.770830293639346,13.259420602221526,23.753207287216256,18.6618807401358,16.75126096954832,NA,8.656115732563343,9.255703104036046,4.571269448363124,0.7618395504462999,NA,6.9431794103706,5.209098445674558,1.3314710777787468,0.6387409588279075
2015,235,23.54444444444444,0.13888888888888895,23.54444444444444,2.3666666666666663,9.544444444444439,6.066666666666669,21.944444444444436,NA,49.16666666666667,24.677777777777777,0.08888888888888885,0.05555555555555555,NA,6.77777777777778,0,2.911111111111111,0.966379267621615,35.853058763815376,0.33543345911392525,35.853058763815376,7.127175402183054,14.044200779346136,21.246969380718014,23.052632066501825,NA,32.55772746948913,25.448704864411187,0.46554171525138366,0.23034469096157204,NA,18.573738726684528,0,2.0228022860969874,1.1140068383789465
2015,BSH,77.03333333333333,0.8000000000000002,77.03333333333333,6.188888888888889,16.52222222222221,14.68888888888889,7.855555555555556,NA,42.43333333333333,19.54444444444444,0.46666666666666723,0.20000000000000004,NA,1.8444444444444457,0,3.444444444444445,0.8642416214502249,27.005804619490004,0.7925212222019352,27.005804619490004,14.845946327097717,24.9044140204678,33.42193468147355,18.07385666181157,NA,25.22663564701833,23.012044287115383,4.014580168907373,0.5648903642261085,NA,6.227721842761723,0,2.0184464551690535,1.0264905729618397
2015,DUN,94.32222222222222,3.577586206896551,94.32222222222222,16.900000000000002,1.555555555555555,47.900000000000006,56.777777777777786,NA,16.65555555555555,32.71111111111111,0.033333333333333305,0.6333333333333335,NA,21,0,6.3,1.3513596262676242,11.0716032940412,3.3363550524616836,11.0716032940412,27.439023306233043,5.867662496346929,37.97132270957395,32.026245479303775,NA,18.67472070763349,27.82862661767046,0.31622776601683805,0.840679233140506,NA,33.92821238299504,0,2.2420897154518213,1.4246799145514557
2015,GIL,29.674157303370798,0.33146067415730335,29.674157303370798,30.213483146067396,25.887640449438216,46.853932584269664,20.056179775280903,NA,24.60674157303371,8.337078651685395,1.7191011235955045,0.41573033707865176,NA,14.08988764044944,0,0.9213483146067412,0.3972510006665998,29.49105229514496,0.5497614163554737,29.49105229514496,37.0397427557434,34.531750278892616,40.939686946941656,22.15408824910499,NA,21.898328068977033,11.653075891470888,9.503574404168514,0.7805736346962027,NA,19.91381455709841,0,1.071052149451052,0.6567400220698867
2015,KLN,61.93333333333333,0.7083333333333331,61.93333333333333,21.322222222222223,36.34444444444445,13.322222222222223,16.822222222222223,NA,17.87777777777778,31.300000000000008,0.03333333333333332,0.20000000000000004,NA,20.15555555555556,2.1677777777777774,2.1861111111111113,0.6049691350151575,29.761146528597138,1.5434939570680608,29.761146528597138,23.465407375983244,29.383615824152315,27.67663508878389,19.534802005350983,NA,14.83075136388841,30.298681693426044,0.316227766016838,0.5844424982047973,NA,28.40830354600654,1.4574741717431483,0.8793520270719828,0.7386680322868974
2015,KLT,93.66363636363636,3.796915887850467,93.66363636363636,22.00909090909091,2.418181818181816,8.354545454545457,24.081818181818182,NA,31.29090909090909,6.245454545454545,4.809090909090907,0.29090909090909084,NA,28.118181818181814,3.7963636363636364,6.50909090909091,1.0735166587104858,13.623561129462685,4.2402383813406335,13.623561129462685,23.48550029138434,8.367018933777938,24.289003954346203,27.521845141026407,NA,27.41738063042969,11.845477876462734,15.805872474196365,0.6683603728453628,NA,33.97212343931141,2.292905983289945,3.2525443943982193,1.6884166030696532
2015,LTR,21.366666666666664,0.002777777777777779,21.366666666666664,21.622222222222227,14.277777777777779,44.74444444444444,25.06666666666667,NA,26.63333333333334,19.622222222222224,3.5555555555555545,0.9,NA,13.777777777777782,1.811111111111111,2.9972222222222222,1.0920871398325567,20.114531613300674,0.02635231383473652,20.114531613300674,25.234441319635113,23.801155565270307,33.9310474348342,22.23763385683291,NA,20.774579323476466,16.81664356000388,8.274926403978522,0.8747391264404738,NA,24.95063790937807,1.368132036177241,1.7447732718858175,1.307545565455683
2015,PAW,95.03333333333333,3.077777777777778,95.03333333333333,29.65555555555556,0.011111111111111118,35.87777777777777,5.933333333333332,NA,53.611111111111114,1.5333333333333339,6.522222222222225,0.01111111111111112,NA,19.97777777777778,0,5.736111111111111,0.9899494936611667,15.017929359508642,2.3282716634504803,15.017929359508642,22.971482619387753,0.1054092553389461,46.543643353086125,11.937854059694388,NA,25.419931330826213,5.365725601999701,16.13999692144393,0.10540925533894602,NA,25.656756684069958,0,1.975041284987037,1.2352500542923341
2015,PYN,61.944444444444436,0.7111111111111111,61.944444444444436,7.300000000000002,32.855555555555554,42.93333333333333,38.86666666666666,NA,10.577777777777776,46.8,1.3222222222222217,0.577777777777778,NA,15.95555555555556,2.2066666666666666,2.0972222222222228,0.46354777877784786,33.80956619866368,1.308416526852333,33.80956619866368,10.716416053593095,27.87192260883,34.28459869774136,28.1182095423085,NA,11.76070182284173,23.7950991082835,5.146893418381102,0.8608563515056329,NA,32.097782873871964,1.1586315058257881,1.1777993455495848,0.9549463842300562
2015,PYS,54.65555555555555,1.1888888888888884,54.65555555555555,5.7333333333333325,36.777777777777786,12.988888888888889,20.233333333333334,NA,13.51111111111111,24.188888888888886,1.3444444444444448,0.3222222222222223,NA,17.111111111111114,0,3.158333333333333,0.628539361054709,41.03113674116475,1.198261328857236,41.03113674116475,9.002870952827129,22.797485460481134,22.712415277559632,16.651787365682697,NA,18.23211418118057,18.711826726049964,7.191069853849726,0.6329488286783886,NA,28.476856143721545,0,1.0523182006910352,0.6310722500388045
2015,PYW,1.344444444444444,0.011111111111111122,1.344444444444444,9.611111111111109,17.5,19.055555555555564,9.044444444444444,NA,24.488888888888894,37.6,1.6888888888888896,1.0333333333333334,NA,11.122222222222224,0,2.927777777777778,0.620682619041525,9.20327385705163,0.10540925533894611,9.20327385705163,10.00415019996555,20.02540521269381,20.12118404668819,6.546138944534298,NA,18.094163466724538,22.23510737549968,4.575568840290211,0.8798620933821312,NA,15.942190351657747,0,1.3518840600658677,0.7631084993451349
2015,RC2,39.30000000000001,0.8388888888888891,39.30000000000001,4.700000000000003,11.044444444444446,36.08888888888888,37.27777777777778,NA,49.34444444444445,27.63333333333334,1.7222222222222214,0.13333333333333336,NA,12.611111111111112,0,7.527777777777778,1.6577725647817947,29.83040075139395,1.4350699348298954,29.83040075139395,13.255865778141006,18.501692064199208,37.37350032899578,27.52691339940563,NA,29.718590675036417,25.375583238993762,11.140600691627318,0.4787624495990334,NA,21.085537108550387,0,3.9209972870869616,1.533011690739855
2015,RCH2014,52.63333333333334,2.48314606741573,52.63333333333334,4.655555555555553,38.36666666666666,21.055555555555564,38.3111111111111,NA,28.5,13.466666666666665,4.5,0.22222222222222213,NA,11.388888888888893,0,3.905555555555556,0.911382073529328,28.819254643419338,3.3527883902485542,28.819254643419338,13.816746971660946,31.446208753104393,32.338921869249425,26.806692290555898,NA,23.09932145508593,19.712084926126703,11.700619401639491,0.5762680746689399,NA,16.991534206969565,0,2.2954454714955084,0.9376305568684996
2015,RIE,82.28888888888889,2.7897727272727275,82.28888888888889,4.233333333333333,12.48888888888889,0,32.044444444444444,NA,41.28888888888889,30.544444444444448,5.777777777777782,0,NA,0,3.0744444444444445,8.588888888888889,2.2391714737574002,20.92052615212861,3.5018234912464323,20.92052615212861,9.754342161890566,22.31553318259435,0,29.47019485037978,NA,25.401603260222824,29.16522521852764,12.189309902743387,0,NA,0,1.8160681761636606,3.7710665032302555,2.605633482034
2015,RIN,88.04761904761905,4.787128712871287,88.04761904761905,40.028571428571425,0,71.22857142857143,20.952380952380953,NA,31.009523809523806,5.714285714285711,5.1238095238095225,0.6666666666666669,NA,31.38095238095237,4.573333333333333,5.514285714285715,1.1650426013835498,25.48996067549136,3.665444403243259,25.48996067549136,26.239084596067002,0,37.530053890914495,15.7860582065199,NA,21.888482762760827,14.471267477922673,11.783051092153217,0.8733959656539025,NA,31.954108003745294,2.58513750068268,2.738136247503055,1.3866844532530727
2015,RIS,61.577777777777776,1.5222222222222221,61.577777777777776,4.38888888888889,33,18.422222222222224,17.033333333333335,NA,18.3,15.866666666666664,2.9555555555555584,0.288888888888889,NA,39.044444444444444,0,3.702777777777777,0.9270955575556957,38.48419426841869,1.3406168107287373,38.48419426841869,7.188777840596294,20.90051340695145,28.757012931788495,14.929384342762857,NA,17.720330481104206,15.476840254705195,9.300128199081492,0.585296322616514,NA,31.790010130069355,0,2.235092451033997,1.06867787919847
2015,RNR,91.65555555555555,4.480113636363637,91.65555555555555,31.63333333333334,9,0,19.377777777777776,NA,32.111111111111114,30.077777777777776,1.7555555555555555,0,NA,0,3.5122222222222224,7.736111111111111,1.7284832429004495,13.87922310352971,4.629711267856773,13.87922310352971,30.461414162986422,17.98438773623364,0,21.780094910998088,NA,25.086566728275805,27.604440197217325,8.769599059559,0,NA,0,2.001843407640594,2.9895325606749683,1.7677228134152323
2015,STE,76.23333333333332,2.851123595505618,76.23333333333332,3.822222222222222,54.3,26.077777777777776,34.18888888888889,NA,15.899999999999999,10.4,3.2555555555555555,0.7666666666666667,NA,9.93333333333333,2.6088888888888886,3.138888888888889,0.7856742013183862,30.209400278200484,2.8985495738865388,30.209400278200484,9.067261491834145,29.817214694448445,35.01371409578715,24.227802046615533,NA,15.107145418530571,12.918760854759718,14.457656974541475,0.9124605578669805,NA,22.561177752347813,1.1839416593245393,1.927444861826344,1.5844910019721918
2016,235,62.28888888888889,0.7972222222222222,62.28888888888889,8,6.666666666666668,32.955555555555556,23.688888888888897,NA,44.53333333333334,13.166666666666668,0.04444444444444447,0.6222222222222223,NA,10.122222222222224,0,2.3944444444444444,0.6599663291074443,26.835430397037758,1.7009145113089974,26.835430397037758,13.267346076367811,15.107851965492523,37.080813995135316,26.23559827274933,NA,27.633719834834267,13.904368402561737,0.33220783771714274,0.8686522917686953,NA,17.996771107260916,0,1.5855641686270412,0.7629039729285149
2016,BSH,77.58888888888889,2.7584269662921352,77.58888888888889,8.355555555555556,9.01111111111111,17.288888888888888,13.511111111111108,NA,58.21111111111111,12.633333333333336,0.38888888888888873,0.288888888888889,NA,3.588888888888889,2.418888888888889,7.633333333333333,1.4299270463994629,25.735864209634162,2.7706993287207555,25.735864209634162,12.284374939955969,15.739090706888078,35.786898752854576,18.947143773627907,NA,26.694482215881852,14.61140850250127,2.387676433598267,0.6225075144069616,NA,10.071535643199349,1.4333816732550586,4.081026253394957,1.579282221321374
2016,DUN,42.28888888888889,0.7444444444444447,42.28888888888889,9.899999999999999,0.8777777777777777,54.966666666666654,45.88888888888888,NA,41.38888888888888,29.68888888888889,0.033333333333333305,0.3,NA,9.45555555555556,0,4.433333333333334,0.7699607172920184,35.72247724856204,1.1791599667627717,35.72247724856204,19.342594320725947,6.833210010762601,33.020065401224194,32.000156054550814,NA,30.068347030283903,24.176153374968223,0.3162277660168381,0.6438996362578832,NA,22.78781515088298,0,2.386996608499636,1.380622089243964
2016,GIL,67.74444444444447,3.177777777777778,67.74444444444447,9.244444444444447,17.055555555555568,44.96666666666667,24.144444444444446,NA,46.7,12.411111111111111,3.3888888888888897,0.5111111111111111,NA,14.688888888888895,2.408888888888889,3.433333333333333,1.131370849898476,31.4115705838123,18.35768386273156,31.4115705838123,12.76697909866964,26.144955089924757,33.32355849188074,21.335501411366156,NA,24.726572160057234,13.004661605388346,10.114728880429482,0.8379274115734412,NA,23.153442457396395,0.8600554521506351,2.653119851009416,2.0575975955391606
2016,KLN,58.66666666666665,1.3071428571428574,58.66666666666665,24.98095238095238,22.05714285714286,21.019047619047612,8.466666666666665,NA,20.714285714285708,19.333333333333336,0.3619047619047625,0.13333333333333328,NA,12.152380952380952,0,1.997619047619048,0.4781388710880468,36.45088019056146,1.8754028871181228,36.45088019056146,25.001531088646484,18.6201031618582,35.54844499260046,9.118943371089012,NA,15.392751969248813,21.632715016251645,3.708420277204426,0.4613247368400189,NA,20.75163615068467,0,1.220564594932579,1.3533975697055842
2016,KLT,80.35454545454544,1.1772727272727272,80.35454545454544,35.11818181818182,2.3636363636363633,12.645454545454546,18.254545454545458,NA,40.918181818181814,10.327272727272732,4.263636363636365,0.1545454545454547,NA,26.454545454545457,2.1754545454545453,7.995454545454545,1.54277843167974,26.49340799562574,1.4641532663361339,26.49340799562574,31.168595055998356,9.948239688210084,28.861448959295615,24.237145032630746,NA,28.853356479794943,14.862124195854738,15.381197429393083,0.472866791498499,NA,32.268266674786915,1.581787768250371,4.337798163902853,1.8992558131725932
2016,LTR,67.76666666666668,0.5027777777777777,67.76666666666668,15.588888888888889,10.588888888888889,62.20000000000001,11.255555555555555,NA,28.7,12.899999999999999,0.9666666666666671,0.9555555555555555,NA,18.677777777777766,2.2311111111111113,1.9805555555555554,0.4949747468305833,30.42140361247011,0.8639912970038399,30.42140361247011,15.399470620147108,15.743658930006385,33.143948894400125,9.56651593925291,NA,20.95873420142168,13.587874634344102,2.988554947488386,0.8729532866649424,NA,29.54441629702786,1.0276672005839504,0.8662100857235724,0.603826747977459
2016,PAW,86.0111111111111,4.3232954545454545,86.0111111111111,27.788888888888888,0.2555555555555551,28.544444444444448,21.91111111111112,NA,43.077777777777776,6.455555555555556,11.95555555555556,0.0888888888888889,NA,25.93333333333333,0,8.172222222222222,0.903525331516144,3.0297937944609026,3.573416769137923,3.0297937944609026,25.061046564964833,1.7389206978778893,36.29751008611934,24.06015142080386,NA,24.506466827238807,15.013971853293382,18.03486704866911,0.38641086721535467,NA,32.097743978967216,0,2.796126043106573,1.2940129107676863
2016,PYN,84.92307692307692,1.5833333333333335,84.92307692307692,6.769230769230769,36.69230769230769,72.3076923076923,10.76923076923077,NA,6.615384615384615,21.23076923076923,0.23076923076923075,0.4615384615384615,NA,1.2307692307692308,0,1.1153846153846154,0.21757131728816848,26.21215220230729,1.149769410347004,26.21215220230729,10.856287319289883,22.573526586780865,34.3447827561058,6.930053464847225,NA,6.576960563695836,14.88373746831222,0.8320502943378437,0.7762500258061849,NA,4.437601569801833,0,0.5554219924918257,0.33968311024337877
2016,PYS,66.53333333333335,1.5916666666666668,66.53333333333335,4.277777777777778,28.111111111111107,55.31111111111112,16.177777777777777,NA,13.966666666666667,13.955555555555556,0.5,0.25555555555555554,NA,22.155555555555548,0,2.9194444444444443,0.43997755273829625,39.9424304819948,1.6367659603586473,39.9424304819948,5.431964856039979,18.857504955152017,29.545487476300597,8.688850892822538,NA,14.306791033034674,12.545567381503528,2.4322274435337357,0.628197190667109,NA,35.29551364402783,0,0.7687979251324043,0.5147026825612097
2016,PYW,72.57777777777778,1.096333333333333,72.57777777777778,11.68888888888889,25.744444444444447,54.27777777777778,23.98888888888889,NA,27.677777777777766,24,1.033333333333333,0.6,NA,17.56666666666667,0,2.891666666666667,0.565685424949238,22.58814334391702,1.312210117800662,22.58814334391702,13.956307779690457,28.09116823547853,31.869829266535966,20.496365501023842,NA,21.202516162839157,16.219699494299924,3.703778817382309,0.845344155698159,NA,30.198612216048637,0,1.2138306436487234,0.7047192444393343
2016,RC2,80.35555555555555,3.6221590909090917,80.35555555555555,5.333333333333337,13.844444444444452,10.133333333333335,41.65555555555555,NA,38.29999999999999,19.722222222222218,0.3999999999999998,0.04444444444444445,NA,7.91111111111112,2.0155555555555558,7.0472222222222225,0.9349522995688796,24.581125083324565,3.6178822944145432,24.581125083324565,11.950271493319514,19.815390177590196,12.647511635171474,28.139364690651906,NA,28.3364417770522,18.646340592141726,2.3881731064805303,0.2964627081579393,NA,18.27729262549169,0.989030976339872,2.9396778191494914,1.0322212210512416
2016,RCH2014,63.29999999999999,1.2444444444444451,63.29999999999999,3.2222222222222228,27.055555555555564,44.455555555555556,23.177777777777777,NA,25.55555555555556,13.43333333333333,2.9555555555555557,0.2666666666666667,NA,23.155555555555555,0,3.361111111111111,1.076373655806189,31.828702331933528,1.5250611416080817,31.828702331933528,6.9099793943948455,29.10977329649414,37.862305559384,23.66269418578194,NA,20.850517257675154,17.913681921927726,8.730562501809517,0.5958659075457172,NA,30.105026311871104,0,2.2022432100144913,1.1027431464041506
2016,RIE,72.22222222222223,2.025000000000001,72.22222222222223,5.333333333333332,7.02222222222222,13.411111111111104,20.45555555555555,NA,56.83333333333333,26.111111111111107,7.38888888888889,0.022222222222222237,NA,1.9444444444444458,2.2933333333333334,9.633333333333333,1.3042191741885212,31.14221737242565,3.7715765040421356,31.14221737242565,13.81905539951381,16.55021489237437,30.687220355281166,24.57602792487619,NA,30.996284663187424,28.96081988893272,17.263779348776612,0.14823135407896965,NA,5.976284801192858,1.4760104137752652,4.124842523381545,1.715465380926864
2016,RIN,91.85714285714286,6.2260638297872335,91.85714285714286,38.51428571428571,0,77.4,23.228571428571428,NA,26.790476190476188,4.161904761904761,8.504761904761903,0.7428571428571429,NA,19.838095238095242,0,6.02857142857143,0.9091372900969897,18.626092415783802,3.8279653536271883,18.626092415783802,22.217938995028607,0,31.214703143033294,17.492997028952605,NA,19.988792647426994,6.248267159048374,16.060057841597505,0.8882629053444647,NA,26.889061190781884,0,3.114851653638713,1.1917758473511995
2016,RIS,64.14444444444449,1.6376404494382026,64.14444444444449,10.033333333333335,34.7,41.099999999999994,24.944444444444443,NA,15.477777777777778,11.344444444444445,4.0777777777777775,0.3,NA,14.744444444444447,0,2.75,0.5264017148833187,41.91660021141263,1.9814520745654673,41.91660021141263,14.041231419476029,22.010441852943288,32.304050603496435,15.609246115512168,NA,13.867128521550832,8.596002613066442,11.803853663036385,0.6438996362578828,NA,28.59856251243718,0,1.611057298167116,0.5763222326573748
2016,RNR,59.8111111111111,1.6138888888888896,59.8111111111111,34.47777777777778,2.7666666666666675,1.4000000000000008,9.811111111111112,NA,35,39.5,3.9666666666666655,0,NA,0,2.5366666666666666,7.155555555555557,1.2885056901621532,36.9122538176366,3.179808380363544,36.9122538176366,30.125291840733908,6.236986451805071,9.338575306975095,14.801984716940813,NA,22.936159568034423,31.043011118862854,12.849561702838589,0,NA,0,1.4331900459691902,3.6951185871746257,1.3432217591047033
2016,STE,21,0.24438202247191004,21,8.04494382022472,34.078651685393254,35.58426966292134,23.662921348314608,NA,37.06741573033708,24.52808988764045,1.191011235955055,0.12359550561797747,NA,11.404494382022468,0,4.123595505617978,0.8977872615065154,24.561610844419942,0.569062137237026,24.561610844419942,16.757569600549548,29.330493254035567,36.0198206133424,17.611297910603188,NA,24.884641919724942,19.651561288679773,7.058000625490051,0.47242663497533166,NA,22.698477672784552,0,2.2057271771412643,0.6971047670040534
2017,235,38.333333333333336,0.16666666666666669,38.333333333333336,18.8,6.933333333333331,NA,34.86666666666667,NA,45.06666666666667,29.333333333333336,0,0.6,7.866666666666666,24.866666666666667,NA,3.3,1.1785113019775793,30.205644379502193,0.30860669992418377,30.205644379502193,15.199624055501223,16.44673943659466,NA,30.05914804102706,NA,25.841458015772883,21.249089616353203,0,0.50709255283711,7.936053955269733,30.61247800364762,NA,1.5271355071318513,1.0910894511799618
2017,BSH,75.78888888888889,1.1333333333333335,75.78888888888889,16.088888888888903,3.9222222222222243,NA,21.788888888888884,NA,57.82222222222223,14.244444444444447,6.077777777777777,0.3444444444444444,3.9666666666666655,8.177777777777775,NA,11.380555555555555,1.7441967269268173,31.006159027328163,0.9265133384318519,31.006159027328163,24.236032439623482,8.913098274390268,NA,23.25602226919446,NA,25.775425007787632,19.002844914812883,9.886124401422403,0.5438338954751398,9.70514748164341,17.89518658386693,NA,4.144548974827547,1.5294854829963662
2017,DUN,96.4,6.4411764705882355,96.4,12.86666666666666,3.11111111111111,NA,42.01111111111113,NA,25.833333333333332,13.177777777777774,1.788888888888889,0.12222222222222243,8.177777777777777,23.577777777777776,NA,7.297222222222222,1.4613540144521981,4.102068538205427,5.076446407010448,4.102068538205427,23.403255319518312,9.009912698880516,NA,31.65313923563762,NA,20.631736216950898,17.95035461937447,5.05363245584318,0.32937727344895723,14.075700455780131,32.83392934685943,NA,1.8221076990442564,1.2577847478444448
2017,GIL,89.03333333333333,1.422222222222222,89.03333333333333,13.255555555555553,18.722222222222218,NA,26.11111111111111,NA,39.455555555555556,25.9,2.2222222222222228,0.30000000000000004,13.977777777777776,33.7,NA,5.263888888888889,1.8306208890718396,11.885644253713915,0.9022789844570023,11.885644253713915,19.954758443021813,25.207466246269263,NA,24.08899438409486,NA,24.29739021039512,26.108696730090166,8.415846179461377,0.5289378799999828,18.706471738248318,33.93498410294922,NA,2.8554504138869734,1.916499748471842
2017,KLN,66.63333333333334,1.1944444444444444,66.63333333333334,25.344444444444445,14.688888888888888,NA,2.5666666666666655,NA,17.611111111111107,24.755555555555553,0.1777777777777778,0.17777777777777778,3.977777777777778,22.866666666666664,NA,2.1638888888888888,0.3771236166328254,40.69106684947342,1.1676694459825296,40.69106684947342,14.62041139856095,15.265915949028296,NA,6.3459267657966185,NA,12.616819917038372,26.436827866924926,1.6865480854231372,0.4126586253474629,6.361714449468729,36.35443499520002,NA,0.9257255817379927,0.6014962616749909
2017,KLT,80.88888888888889,3.6348314606741576,80.88888888888889,36.144444444444446,0.6555555555555553,NA,8.77777777777778,NA,26.188888888888883,11.133333333333333,2.6333333333333315,0.1444444444444445,8.655555555555557,25.51111111111111,NA,5.769444444444444,1.2099382700303147,21.074743627771127,3.2243428197074486,21.074743627771127,24.87793169945898,2.9074144315274664,NA,12.716244390964524,NA,20.869791320537836,13.529991653999772,10.274272439316748,0.3535092488376121,12.35537558586,28.739138424859657,NA,3.2529648917205582,1.4543404406648774
2017,PAW,34.444444444444436,1.3499999999999994,34.444444444444436,18.855555555555554,0.4888888888888889,NA,8.766666666666667,NA,46.988888888888894,5.7333333333333325,7.4444444444444455,0,23.288888888888888,48.68888888888888,NA,7.325,0.9270955575556956,40.77455449948793,2.198633385547701,40.77455449948793,16.676405394415834,1.86778992421491,NA,12.358002456671594,NA,23.67262413808452,10.427707257671054,13.443273336598383,0,20.9436077746106,32.96973226980426,NA,1.8064530084976225,0.9519019662278067
2017,PYN,68.63333333333333,1.0833333333333335,68.63333333333333,14.700000000000003,23.677777777777777,NA,13.466666666666665,NA,20.65555555555555,33.3,2.411111111111111,0.1573033707865169,2.6111111111111107,11.5,NA,1.4388888888888889,0.2906994544878029,33.305683288679816,1.1174057032331528,33.305683288679816,14.211444984213456,18.605802995802193,NA,12.924325988119893,NA,17.056522763711655,21.51584208610384,9.900510081564285,0.36614938594707164,5.604361151826312,24.78593747731188,NA,0.6548341319178425,0.5393967129882444
2017,PYS,79.66666666666666,2.2388888888888894,79.66666666666666,6.033333333333335,16.444444444444443,NA,7.377777777777777,NA,20.633333333333336,35.84444444444445,1.1999999999999995,0.25555555555555554,6,28.955555555555566,NA,3.0444444444444443,0.8956685895029601,18.134949806778664,1.8209575481075846,18.134949806778664,8.542622811196926,15.110909156321027,NA,6.307793962168043,NA,17.285084821989457,21.018938015653113,5.145522762011848,0.48716356552551315,9.64306818626436,38.34377646382935,NA,1.4856891194998534,1.475644974202006
2017,PYW,75.30434782608695,1.5217391304347823,75.30434782608695,7.173913043478261,29.652173913043477,NA,27.43478260869565,NA,11.43478260869565,19.652173913043477,1.6521739130434783,0.17391304347826086,2.7391304347826084,19.04347826086957,NA,2.391304347826087,0.3074377309506729,27.21536127498702,1.518658655087422,27.21536127498702,9.763811541108149,20.49525154684322,NA,14.868594379235358,NA,12.108697426217399,10.555518572387422,4.60837868997304,0.3875533878815899,5.395430653502917,31.735380687046725,NA,1.013617752713813,0.41702882811414954
2017,RC2,90.58888888888889,5.3313953488372094,90.58888888888889,7.555555555555563,9.044444444444439,NA,26.56666666666667,NA,20.4,23.777777777777782,1.1333333333333337,0.033333333333333305,3.888888888888891,15.099999999999994,NA,5.844444444444444,0.8956685895029602,14.936490603905225,3.766423225349045,14.936490603905225,15.997971157261299,11.481211922788454,NA,22.030647702740097,NA,20.73524925815344,21.989158604408626,4.9063132912972,0.18051113445691191,6.5761647311928915,27.647479922542956,NA,2.5976917632542342,1.2799227504779385
2017,RCH2014,90.3529411764706,1.823529411764706,90.3529411764706,4.470588235294118,0.9411764705882352,NA,5.294117647058823,NA,48.294117647058826,1.352941176470588,3.411764705882353,0.2352941176470588,11.823529411764707,29.294117647058822,NA,2.838235294117647,0.7071067811865476,11.661588530677264,1.570640558723059,11.661588530677264,6.6812952249060915,1.2485285456935955,NA,6.202466302632697,NA,24.80364062461989,3.9041832767972777,6.1141109689943045,0.4372373160976031,10.113328421677302,28.893694610334865,NA,0.7012331574993231,0.7905694150420949
2017,RIS,73.22222222222223,1.255555555555555,73.22222222222223,11.100000000000001,28.455555555555556,NA,19.34444444444445,NA,18.322222222222223,28.844444444444445,3.1222222222222227,0.3555555555555554,6.333333333333334,36.56666666666667,NA,2.716666666666667,1.076373655806189,28.754199606426916,1.2253053837291967,28.754199606426916,17.41757474829258,22.85034905499434,NA,18.77373321096938,NA,15.507031951668337,15.829080840329544,7.941963329246494,0.5469242108231446,8.324864610701901,37.69125013950385,NA,1.6815255246018836,2.1099757115002764
2017,RNR,77.94444444444444,3.7670454545454555,77.94444444444444,28.355555555555554,2.5333333333333345,NA,7.4222222222222225,NA,34.75555555555555,22.311111111111114,1.5333333333333334,0.3111111111111112,2.0999999999999996,6.844444444444446,NA,6.0055555555555555,0.9585225256084311,28.374446927683643,3.3321396112280075,28.374446927683643,26.834620901018383,5.881221305557528,NA,11.518405181603507,NA,27.0622715569614,23.912595733349754,7.3518323023751835,0.4890817914741469,7.6423568339569234,20.162770849751134,NA,2.236060998500205,1.077403824593379
2017,STE,79.95555555555556,1.6797752808988762,79.95555555555556,4.933333333333334,22.488888888888894,NA,15.255555555555555,NA,25.855555555555554,34.31111111111112,0.855555555555556,0.12222222222222222,8.077777777777776,26.95555555555556,NA,5.455555555555556,0.9820927516479828,20.205078408858363,1.3362243088167989,20.205078408858363,7.263576981198568,21.07143785159387,NA,12.64072348156261,NA,19.728813760196523,19.635810237812464,4.63150207661002,0.3293772734489574,13.4959234608982,36.299289964613365,NA,2.049793692612054,1.2024994776538591
2018,235,51.28888888888889,1.0666666666666669,51.28888888888889,18.733333333333334,11.422222222222224,NA,26.855555555555554,NA,32,15.866666666666667,1.088888888888889,0.4000000000000001,5.900000000000001,21.833333333333332,NA,2.5638888888888887,0.7621039752788346,37.876275354192586,1.6813584662810108,37.876275354192586,18.85533334379474,18.021197118061828,NA,19.122056863126794,NA,24.347207578158375,14.951006129008944,7.01786555540983,0.5149451808938914,8.564428655914371,31.100507600901103,NA,1.366000225742693,0.7207032908612094
2018,DUN,61,2.6611111111111105,61,19.989010989010993,9.153846153846153,NA,47.05494505494506,NA,26.16483516483517,14.47252747252747,1.8131868131868134,0.07692307692307697,6.076923076923075,21.3956043956044,NA,6.876373626373626,1.0490045654965265,22.541320083595615,3.6030790342207935,22.541320083595615,22.671320358302175,15.653840903840027,NA,25.57531910840895,NA,24.74144688855512,24.81188812706104,11.215972824416363,0.3066220703359334,11.533748325126162,34.76616462433268,NA,2.6487349250720995,1.279594716057642
2018,GIL,87.0111111111111,1.65,87.0111111111111,14.055555555555557,22.988888888888894,NA,29.23333333333333,NA,29.76666666666667,7.966666666666665,3.0333333333333345,0.288888888888889,8.388888888888891,21.36666666666666,NA,3.5222222222222213,0.9192388155425119,21.414840199591314,1.3375518471521861,21.414840199591314,18.588604163413407,27.183312149657517,NA,21.29622533415596,NA,20.0941883263391,9.475515461357602,11.587915053231063,0.45578539313393646,14.686762704951706,29.32094775971764,NA,2.094215026991237,0.8640770876971257
2018,KLN,53.466666666666654,0.8833333333333336,53.466666666666654,20.488888888888894,35.08888888888888,NA,6.133333333333335,NA,19.255555555555556,22.811111111111114,0.033333333333333326,0.07777777777777777,4.155555555555556,15.899999999999999,NA,2.036111111111111,0.3928371006591931,40.04581645728224,1.3699216741326588,40.04581645728224,18.61028134621476,25.34288209554832,NA,7.4896182828280295,NA,10.813600582278719,18.258994670901522,0.316227766016838,0.26932198589215445,8.526114690195188,31.11668868319283,NA,1.0382847723117596,0.3688900922020598
2018,KLT,87.33333333333334,5.35632183908046,87.33333333333334,40.79999999999999,0.05555555555555558,NA,14.444444444444441,NA,42.044444444444444,9.933333333333332,1.088888888888889,0.07777777777777779,7.022222222222221,17.977777777777778,NA,7.341666666666667,1.2335084960698663,14.201598264224588,5.970814699376038,14.201598264224588,28.74185766477999,0.2303446909615721,NA,14.326930021647813,NA,32.55036240020252,19.64962760890241,5.859103057567854,0.3082308261632072,9.711545055540482,25.857855945676686,NA,2.704150472011663,1.7975048596177876
2018,LTR,25.9,0.07777777777777779,25.9,23.93333333333333,15.700000000000005,NA,16.1,NA,38.555555555555564,14.066666666666668,1.9333333333333345,0.41111111111111104,9.788888888888888,29.54444444444444,NA,2.172222222222223,0.6992500391733637,17.250989224200534,0.18223196587938328,17.250989224200534,20.104669925392674,16.172837541918973,NA,17.0663279753378,NA,23.569696365599246,14.184023295734278,4.273776847160583,0.4947918514685244,10.701773920415976,29.091162838667483,NA,1.3798532553290577,0.8962747148861884
2018,PAW,88.97777777777777,4.811764705882353,88.97777777777777,22.177777777777777,0.2999999999999998,NA,6.2666666666666675,NA,50.75555555555555,7.466666666666666,19.677777777777777,0.15555555555555559,13.92222222222222,31.188888888888886,NA,6.486111111111111,1.3277894002280726,15.00485148343529,4.008158696266128,15.00485148343529,22.261761329197473,1.744654758030679,NA,6.138476918292072,NA,25.468778468041663,12.144448956187276,22.27651949584895,0.36446393175876657,14.476814301137289,28.348907374242096,NA,1.8505849026450063,1.6139412913378062
2018,PYN,74.66666666666666,0.922222222222222,74.66666666666666,23.98888888888889,29.577777777777776,NA,14.677777777777777,NA,25.45555555555556,39.24444444444445,0.9666666666666668,0.2888888888888889,2.8111111111111113,15.477777777777778,NA,1.9166666666666665,0.510688230856951,23.980329017244138,1.0936772090991338,23.980329017244138,18.250131256689407,20.720709814843733,NA,11.187701692642037,NA,20.99981867824936,18.804918739229205,4.643347300956856,0.45578539313393646,6.417837579823809,31.272714092186405,NA,1.1714055707721194,1.4496329553953602
2018,PYS,70.26666666666668,1.1722222222222225,70.26666666666668,14.388888888888891,25.055555555555557,NA,16.47777777777778,NA,24.11111111111111,22.366666666666667,0.8222222222222219,0.21111111111111108,4.8,17.23333333333333,NA,2.7972222222222225,0.6206826190415251,36.93291823615084,1.3306269349258129,36.93291823615084,11.522030139122243,17.550800174537407,NA,8.573840246894969,NA,17.782989248625473,13.921489330116191,3.337151371440188,0.4103833353069155,8.239668369021937,28.80739995443586,NA,1.2281199917383343,1.4681172601798376
2018,PYW,44.944444444444436,0.2333333333333333,44.944444444444436,19.84444444444444,15.722222222222218,NA,23.7,NA,28.066666666666666,26.855555555555554,1.1333333333333337,0.3555555555555555,7.5,26.911111111111115,NA,3.3138888888888887,0.6756798131338121,29.201878156894928,0.4811036002331555,29.201878156894928,13.412983070757575,11.080935929498821,NA,13.696099666234034,NA,17.739564110525965,15.844441205155219,3.7151375736318664,0.5259792603061074,8.806598649608196,34.7251307645735,NA,1.2077471779899018,0.5893350958334513
2018,RC2,65.83333333333334,1.5,65.83333333333334,15.077777777777774,8.155555555555557,NA,35.9,NA,25.45555555555556,26.877777777777776,0.5333333333333334,0.04444444444444445,4.422222222222224,18.177777777777756,NA,4.594444444444444,0.801387685344754,29.979862154977646,1.5632722810563429,29.979862154977646,26.208853370688356,10.381391207143452,NA,25.583548962723892,NA,24.945406057944933,26.231393738765625,2.888178151310592,0.20723493215097813,8.242092264339357,32.36712778882885,NA,1.579618152628937,0.9252998299367069
2018,RCH2014,44.53333333333333,0.8388888888888891,44.53333333333333,6.977777777777773,15.1,NA,16.5,NA,42.644444444444446,8.111111111111109,4.666666666666666,0.11111111111111108,14.977777777777776,31.722222222222214,NA,4.377777777777777,0.9349522995688796,34.11685141629862,1.2035242671724198,34.11685141629862,10.512675898970915,19.816035953209113,NA,12.593247700273723,NA,26.669559768155462,11.897922058635212,11.415542332345536,0.31603030875998483,18.249813160673742,33.053932019845014,NA,1.818770901051548,0.9169305033997498
2018,RIN,76.25555555555553,5.238636363636365,76.25555555555553,39.2,0,NA,10.655555555555551,NA,20.12222222222222,5.433333333333331,4.522222222222221,0.2666666666666667,5.655555555555556,26.41111111111111,NA,5.580555555555556,1.0842303978193728,26.96546318430429,3.8056048145044867,26.96546318430429,24.93686409738073,0,NA,10.858808997028985,NA,20.53980940240539,10.439822203488403,8.80912164859388,0.44469406223690944,7.928275541293746,37.253427395128945,NA,2.5833922308134336,1.4695409357339284
2018,RIS,38.30000000000002,1.077777777777778,38.30000000000002,11.155555555555557,21.644444444444446,NA,17.244444444444447,NA,26.088888888888885,45.15555555555556,4.211111111111112,0.4888888888888889,5.611111111111109,20.36666666666666,NA,3.363888888888889,0.9270955575556956,28.56353060983313,0.8738109452507163,28.56353060983313,7.703656086795443,11.401075359404103,NA,6.570808975062861,NA,19.43681462576891,17.89539587458503,13.657524118364039,0.5026769786045272,10.142462130932671,31.276386612755662,NA,1.6977186903490664,0.8588236300112306
2018,STE,81.75555555555556,2.3820224719101124,81.75555555555556,10.866666666666664,25.133333333333336,NA,19.06666666666667,NA,16.633333333333336,43.93333333333333,0.17777777777777787,0.0777777777777778,3.2444444444444445,14.98888888888889,NA,3.5083333333333337,0.7071067811865475,18.87112478925104,2.247501734135887,18.87112478925104,11.63508834942289,16.668074846877893,NA,14.377573047686901,NA,13.933590485593605,27.862342190841566,1.6865480854231374,0.2693219858921544,6.845503914628453,29.71417943382785,NA,2.2163368147473648,0.7932297795381029
2021,235,76.26666666666667,0.7055555555555555,76.26666666666667,12.144444444444444,10.799999999999999,NA,29.2,NA,24.711111111111112,30.177777777777774,0.3888888888888887,0.4222222222222221,3.811111111111112,18.455555555555556,NA,1.9249999999999994,0.5578286829360541,26.673978398347444,0.8928380593644566,26.673978398347444,12.16050072068488,14.838607403086094,NA,20.31891795756585,NA,21.445643042192355,22.585954558549197,2.387676433598267,0.49668061715319634,8.94413930823104,29.718590675036438,NA,1.193645393675482,0.8244470018905655
2021,BSH,82.92222222222222,1.8722222222222225,82.92222222222222,21.866666666666667,2.688888888888889,NA,7.577777777777775,NA,48.74444444444444,14.633333333333336,0.7666666666666666,0.2666666666666667,6.944444444444438,21.244444444444454,NA,5.377777777777777,0.8328146533974894,24.409073546751756,2.5023147835364603,24.409073546751756,32.0127081507652,4.9119081270102924,NA,9.939115527960839,NA,25.735718680076243,20.09161600538556,2.956805138864156,0.4446940622369095,9.635329549661847,28.601607211503847,NA,2.3776949359599073,0.790233771255986
2021,GIL,93.47777777777777,1.672222222222222,93.47777777777777,7.844444444444445,15.244444444444442,NA,14.477777777777778,NA,60.088888888888896,16.2,5.0777777777777775,0.21111111111111103,11.16666666666667,22.722222222222225,NA,4.438888888888888,0.683536555146996,13.31487955177035,1.632123300157299,13.31487955177035,10.948204009617502,23.66873968871041,NA,14.920936032464379,NA,29.350514205799183,17.24196604968318,14.223123898539606,0.41038333530691523,16.756182826686643,29.173648174598103,NA,2.1457794709795794,0.7146146914970125
2021,KELL,95.63333333333334,3.2413793103448274,95.63333333333334,5,12.1,NA,64.9,NA,31.466666666666665,6.8,0.5333333333333333,0.03333333333333333,11.566666666666666,34.833333333333336,NA,3.4,0.6599663291074443,7.165450311105334,2.144847187593578,7.165450311105334,7.362533297155547,16.688525895109017,NA,21.800585249973892,NA,27.650195900451283,12.685587803922784,2.9211869733608857,0.1825741858350553,10.196968221954025,28.502974234803723,NA,1.5833182092441611,0.667815102774902
2021,KLN,72.43678160919542,0.8218390804597697,72.43678160919542,15.52873563218391,24.54022988505747,NA,14.850574712643681,NA,14.2183908045977,12.988505747126437,0,0.13793103448275862,4,30.206896551724142,NA,0.6724137931034482,0.23570226039551587,31.263211588444367,0.8956516774350212,31.263211588444367,15.143376079344385,18.129254655532392,NA,9.271773538519247,NA,11.841418526900272,12.383873847152032,0,0.3468266034531825,6.546790443895319,36.55742151962571,NA,0.5328051380724246,0.3837796525422187
2021,KLT,91.95555555555555,4.4772727272727275,91.95555555555555,44.68888888888889,0.6000000000000001,NA,12.5,NA,35.58888888888889,15.899999999999997,3.611111111111109,0.11111111111111108,13.788888888888888,32.65555555555555,NA,4.75,0.8013876853447539,14.197571489685977,3.777511413151393,14.197571489685977,28.25432031971551,2.909882425517754,NA,17.874877229090448,NA,23.62292470853827,22.80304040441523,14.57078379239067,0.3160303087599848,13.321010222888576,30.685487222665778,NA,1.932498528278289,0.822438140155248
2021,LTR,85.06818181818181,1.3181818181818181,85.06818181818181,24.5,25.39772727272727,NA,14.90909090909091,NA,19.409090909090914,17.488636363636356,1.4090909090909085,0.3863636363636364,8.693181818181818,38.52272727272727,NA,1.0426136363636362,0.4017652165832657,20.622382358192326,1.2757279152266796,20.622382358192326,21.032541836210715,20.46389574978573,NA,10.511773764203717,NA,14.80263751244939,19.761214955308976,4.359258514499709,0.48970594465015993,11.488482943120829,37.1245116141806,NA,0.7032575995367311,0.5652326806555744
2021,PYN,78.57471264367817,1.229885057471264,78.57471264367817,26.988505747126435,26.586206896551726,NA,17.333333333333332,NA,20.04597701149426,32.63218390804597,1.1609195402298855,0.20689655172413796,2,14.5632183908046,NA,0.5804597701149424,0.2113192679408073,21.221770405898084,0.923858811136019,21.221770405898084,20.912049632550815,20.663726067192037,NA,10.947726393105306,NA,16.2680368921713,20.277215385248006,4.988063806725267,0.4074290074979463,4.066310824436596,24.02890756617629,NA,0.5220351677674532,0.3595045448613909
2021,PYS,64.58620689655172,0.6896551724137929,64.58620689655172,15.94252873563218,19.4367816091954,NA,28.574712643678158,NA,36.712643678160916,51.70114942528736,1.3563218390804606,0.7586206896551723,6.9655172413793105,22.287356321839084,NA,2.3017241379310343,0.39825554342690606,35.54805189577347,0.8042090557141862,35.54805189577347,16.84081167037944,23.075055065280008,NA,17.18140705713527,NA,23.26535904089577,23.035420118999518,4.380126926838442,0.4304004960601476,11.236825128724588,33.313489147922766,NA,0.8711609560737497,0.4906231138347668
2021,PYW,88.73333333333333,1.4,88.73333333333333,14.95555555555556,20.577777777777776,NA,19.48888888888889,NA,26.822222222222223,21.68888888888889,0.7000000000000002,0.32222222222222224,8.47777777777778,24.488888888888894,NA,1.922222222222222,0.4871180048173994,22.271965549501967,1.4691585912664888,22.271965549501967,15.04667727037771,18.40553029847387,NA,11.005866101275313,NA,16.73895931804562,13.008764931525787,2.9392730126166637,0.4699456764632132,10.125313453633524,28.444404455340184,NA,0.7990904629889848,0.6056331485410414
2021,RCH2014,83.76666666666668,1.0388888888888888,83.76666666666668,10.211111111111112,30.522222222222215,NA,21.55555555555556,NA,26.36666666666666,13.388888888888893,3.7333333333333325,0.3555555555555555,14.388888888888891,53.26666666666668,NA,1.4666666666666668,0.6285393610547089,22.61403064520946,1.0944902301620147,22.61403064520946,12.331101124041428,24.173171021887722,NA,14.051359333747472,NA,18.466154889540327,14.681406451044602,7.878002370418189,0.481363025218432,10.704083484630642,30.470394546513916,NA,1.0508156275703504,0.789285300694644
2021,RIE,90.40449438202248,3.1839080459770117,90.40449438202248,9.51685393258427,11.651685393258427,NA,22,NA,41.8876404494382,17.19101123595506,11.213483146067418,0.4831460674157303,7.53932584269663,15.202247191011235,NA,5.18820224719101,0.9375123615731754,22.514499924353597,3.5075623803307123,22.514499924353597,15.867428301362395,18.282568152848068,NA,19.662493137027063,NA,26.093990165904955,21.98908634491127,20.047937952291186,0.502547138235939,12.47639241616605,20.44848281506974,NA,3.1771290505873067,1.137058010527789
2021,RIN,24.658823529411766,0.6117647058823531,24.658823529411766,34.529411764705884,0.18823529411764728,NA,18.67058823529412,NA,38.905882352941184,5.247058823529411,9.858823529411762,0.3764705882352941,9.435294117647057,24.976470588235298,NA,4.379411764705883,0.9649927837369354,28.682810905777398,0.8673182209307864,28.682810905777398,25.54761578443099,1.7354436625492495,NA,13.634155495608486,NA,25.655976528923258,8.163370397482808,18.915320661894608,0.48737563952828217,10.337687706389957,29.567910723245475,NA,3.0439762345535177,1.6469562793208556
2021,RIS,94.44444444444444,2.238888888888889,94.44444444444444,12.45555555555556,12.677777777777777,NA,19.04444444444444,NA,41.8,21.91111111111111,8.244444444444444,0.577777777777778,7.4,21.966666666666665,NA,2.3833333333333337,0.7856742013183862,12.054288351678737,1.4994901339031577,12.054288351678737,16.746732776176195,22.778280497482058,NA,15.80848237043738,NA,25.559887816039797,17.88832049096605,16.919712000571174,0.4966806171531963,9.056377726668092,25.925324914263097,NA,1.6120159756087957,0.8640409663381777
2022,235,71.80219780219778,1.2087912087912092,71.80219780219778,18.626373626373624,9.208791208791206,NA,19.813186813186817,27.857142857142865,27.824175824175825,20.538461538461537,0.48351648351648385,0.9782608695652174,6.527472527472528,21.75824175824176,2.3736263736263736,1.6043956043956045,0.5439282932204211,32.83129258639953,1.5600319335512436,32.83129258639953,20.407867955302784,16.38394639986653,NA,16.058858467740947,23.787284852099464,22.22240781363281,19.806456687043397,4.001007199201054,0.147441956154897,8.423961405605183,25.42236139890352,3.5735085518245744,1.207077470395343,0.7822824374647633
2022,BSH,97.46666666666667,5.0022988505747135,97.46666666666667,15.900000000000006,8.566666666666668,NA,16.38888888888889,24.155555555555555,55.511111111111106,12.477777777777773,1.255555555555556,1,6.411111111111111,12.8,7.811111111111111,7.18333333333333,2.5848681223374905,2.4868191858117354,3.942522419204347,2.4868191858117354,19.443406785224916,11.071828812731301,NA,12.070666872694336,15.495494895208756,16.659339213222815,15.41429934248474,7.722084353757196,0,8.261042245157665,18.751599182739394,8.942882983408156,4.034924779661708,2.4383663510478897
2022,GIL,94.0111111111111,2.733333333333333,94.0111111111111,12.674157303370787,11.266666666666667,NA,14.777777777777779,27.211111111111112,44.96666666666665,14.277777777777782,2.5999999999999996,0.9565217391304348,6.466666666666666,18.95505617977528,5.105882352941174,3.98888888888889,0.7621039752788344,13.6567014001765,2.9089169381075473,13.6567014001765,18.216984632790854,15.521496510729378,NA,17.805300168976817,24.815949222832728,28.99300574315246,18.183847492018394,8.377068753381248,0.20618457094236223,10.657275828741959,26.62445480122958,6.667303891114498,1.7445384724613067,0.7877416003765416
2022,KLN,79.88888888888889,2.444444444444445,79.88888888888889,30.22222222222222,13.677777777777777,NA,12.93333333333333,27.855555555555554,19.477777777777778,25.777777777777782,0.011111111111111125,0.6428571428571429,4.311111111111112,23.144444444444446,3.03370786516854,1.0617977528089888,0.27013068045328786,27.998573175702283,2.557698715955028,27.998573175702283,19.395805047308787,12.026027744889365,NA,9.688171868691391,17.9259156512319,17.865431926701095,24.41623045461736,0.10540925533894611,0.4972451580988469,6.401622765554014,32.501879327205806,5.0597552900812905,0.779059108793994,0.3917562144533504
2022,KLT,95.88764044943821,4.304597701149425,95.88764044943821,42.455555555555556,1.5168539325842703,NA,15.101123595505623,15.98876404494382,31.94444444444444,16.855555555555554,0.7777777777777773,0.8,16.72222222222222,43.62222222222223,8.755555555555555,4.638888888888889,0.628539361054709,7.597006291726181,3.528419767715282,7.597006291726181,28.177671099015516,4.056735027173278,NA,22.449967070141984,22.89327728932591,22.439612401823474,22.918792206500427,2.944344332031845,0.41039134083406165,14.318235232555084,31.213861001192203,9.44089967993209,1.5873937685022106,0.6399126032711178
2022,LTR,83.46153846153847,0.8659340659340659,83.46153846153847,26.64835164835165,17.24175824175824,NA,8.879120879120881,26.35164835164835,13.175824175824175,20.967032967032967,1.9890109890109882,0.9629629629629629,9.615384615384617,48.2967032967033,2.855555555555556,0.868131868131868,0.6294027392979159,22.49854696162879,0.9516324897797447,22.49854696162879,17.363674487192842,10.094377598270196,NA,7.74429562801645,14.1510687671549,10.248678404331407,21.373634095123702,5.941370035595988,0.19245008972987523,10.097050428240285,35.03696286479133,4.3254177199358566,0.8235599041666096,0.6004678680509564
2022,PYN,80.92222222222222,1.538888888888889,80.92222222222222,29.255555555555553,20.55555555555556,NA,9.377777777777776,27.58888888888888,13.77777777777778,20.86666666666666,0.5222222222222224,0.9545454545454546,1.1111111111111094,7.655555555555551,1.588888888888889,1.1222222222222225,0.32212642254053836,22.610640717545518,1.4006976146693197,22.610640717545518,23.06637277637462,18.17277325809513,NA,10.417765485115865,20.555157063316926,14.07905271470069,17.547495739893268,2.4321247832498987,0.21320071635561053,4.402360052569472,18.580018934879302,2.9827008514998745,0.7063560196295605,0.4261285229861664
2022,PYS,91.6923076923077,2.4388888888888887,91.6923076923077,11.076923076923075,19.230769230769234,NA,21.208791208791208,41.868131868131876,32.68131868131868,18.12087912087912,0.7333333333333328,1,6.329670329670326,20,1.5280898876404498,1.6923076923076925,0.5206170806538317,12.873480326877258,2.738436133895717,12.873480326877258,11.654499149570958,17.87989368789978,NA,16.911216845314684,22.147088492475227,19.222023896723336,13.09269106099121,4.354514640325485,0,11.218095446450146,28.448393823045812,2.1056735460981355,0.7906369821902066,0.4925575525894843
2022,PYW,87.64044943820225,0.8764044943820225,87.64044943820225,19.51685393258428,19.651685393258433,NA,11.91011235955056,33.68539325842696,37.61797752808989,21.370786516853926,1.3258426966292132,0.896551724137931,11.921348314606739,29.730337078651683,0.6136363636363638,2.3146067415730336,0.5482063809199076,12.052203863921651,0.8991185673543783,12.052203863921651,16.898165822704073,12.244758733652219,NA,10.236565974084142,18.296544324505394,19.8302487136431,14.421718172817679,5.898334281231973,0.30993404669460334,17.772696576938866,33.346242818529944,1.9023990793346393,1.1885629751355733,0.6721134322280796
2022,RCH,93.66666666666666,1.5898876404494382,93.66666666666666,10.944444444444441,27.488888888888894,NA,18.62921348314607,43.26966292134831,34.766666666666666,20.17777777777777,3.411111111111111,0.9772727272727273,15.888888888888891,47.56666666666666,1.404494382022472,5.383333333333334,0.9820927516479827,14.106337726176264,1.3262254148025638,14.106337726176264,14.395193572942917,22.09084636526141,NA,16.093746684004532,23.116682309999646,22.77789683596058,21.046005133632693,7.1341786051050065,0.1507556722888818,15.240723422362658,31.184499895105997,2.49872286070848,1.9474125732204461,0.8975274678557511
2022,RIN,75.10112359550561,4.801162790697675,75.10112359550561,37.111111111111114,0.1460674157303371,NA,10.722222222222218,11,24.93333333333333,7.666666666666666,6.588888888888887,0.984375,12.943820224719099,32.40449438202247,5.022988505747126,3.6277777777777778,0.6128258770283412,28.337673664632163,5.900119523934816,28.337673664632163,28.150256727208387,0.5750605066534858,NA,9.190894098622008,10.33158134235548,21.067467865104046,11.603951283647236,10.71373626794016,0.125,16.621699638617116,29.859412670471883,6.428456018278114,2.1326265800270097,1.0610573484167634
2022,RIS,87.07777777777778,1.8146067415730338,87.07777777777778,11.280898876404494,10.666666666666668,NA,9.932584269662922,20.875,47.03333333333333,14.98876404494382,9.733333333333333,0.98,7.078651685393258,16.51685393258427,3.284090909090909,3.852777777777778,0.6049691350151574,18.775568500962414,1.7538626567067326,18.775568500962414,12.559846521251181,14.757211149091699,NA,8.033732508515959,16.33613335136449,26.238512735324708,14.255377280507227,19.813058909991316,0.14142135623730942,11.681594613187174,21.819566052446103,4.242502145127409,2.1206232006302264,0.723297001106902
2022,NA,86,0.5,86,16,16,NA,16,38,38,16,0,NA,16,63,3,1.75,0,NA,NA,NA,NA,NA,NA,NA,NA,NA,NA,NA,NA,NA,NA,NA,NA,NA
2023,235,85.65555555555555,0.5666666666666668,85.65555555555555,13.322222222222223,5.333333333333333,NA,15.311111111111112,20.777777777777782,34.055555555555564,19.033333333333335,1.0666666666666667,0.3222222222222219,6.6,23.711111111111116,2.555555555555555,1.661111111111111,0.47926126280421555,18.421507405235573,0.7197065569312868,18.421507405235573,15.080181039191192,12.996110048952895,NA,16.842725529021198,21.23214532274688,20.401785067918773,18.91046318781029,5.855564912921571,0.46994567646321234,8.57721046295605,31.44363405122038,4.439635350728785,1.3043311122705588,0.5885401648086637
2023,BSH,73.61111111111111,0.3166666666666668,73.61111111111111,23.900000000000006,4.977777777777777,NA,10.933333333333332,16.04444444444444,52.422222222222224,8.744444444444447,2.944444444444446,0.13333333333333333,12.577777777777776,27.53333333333333,0.044444444444444446,4.288888888888889,0.9035253315161441,15.321054357214747,0.4940659101734356,15.321054357214747,24.189815853189867,9.633716281283395,NA,13.873262620246797,16.35485091843685,21.364665661471676,15.354654611133917,9.839568263926747,0.34183904485045147,12.969261652662835,29.77148926462543,0.33220783771714263,2.7277988180967423,0.9181550735448533
2023,GIL,43.666666666666664,0.1555555555555556,43.666666666666664,14.144444444444442,6.899999999999998,NA,13.577777777777776,19.866666666666664,62.144444444444446,12.011111111111111,1.544444444444444,0.3888888888888886,12.433333333333332,23.811111111111114,4.2777777777777795,3.386111111111111,0.5264017148833188,28.066934442307083,0.2868312392335428,28.066934442307083,19.01245074670164,14.243508278857698,NA,15.414117108747986,20.341025130774185,24.339158401850348,15.439257160657336,5.3698306443094,0.49022912424414206,14.65640175348474,23.718808942018253,7.851182946405435,1.568725736690072,0.6321099953269683
2023,KLN,84.49450549450549,1.587912087912088,84.49450549450549,28.78021978021978,18.07692307692308,NA,5.7252747252747245,22.47252747252747,20.142857142857146,20.560439560439562,0,0.19780219780219804,2.527472527472528,23.64835164835165,1.3516483516483515,1.4313186813186811,0.32635697593225266,18.84873920120307,1.9200599044378885,18.84873920120307,18.51053885871638,15.866968322924313,NA,6.361456741040678,15.343721596463903,19.404221435651824,20.996406460370416,0,0.40054907369704484,4.971788543238876,30.339330405843974,2.5792920061030813,0.7052047910456916,0.412414197240432
2023,KLT,28.72222222222222,0.15,28.72222222222222,24.91111111111111,0.7999999999999997,NA,15.166666666666668,15.833333333333334,22.755555555555553,13.255555555555555,5.5,0.7857142857142858,11.711111111111112,41.17777777777778,1.5444444444444445,3.338888888888889,0.565685424949238,26.95148691058874,0.2644689399999914,26.95148691058874,19.6598286849123,4.358125563469496,NA,18.294255253518763,18.928161054335852,15.574620027908647,19.049646026444524,16.210171588275934,0.4258153136263201,10.702561327844828,33.29830369124089,2.6272603371004895,1.5066850617020313,0.8753811368949298
2023,LTR,63.011111111111106,0.7333333333333333,63.011111111111106,22.966666666666665,19.41111111111111,NA,5.877777777777776,23.966666666666665,30.511111111111106,19.033333333333335,1.5333333333333332,0.18888888888888908,9.38888888888889,37.62222222222222,0.47777777777777775,1.0694444444444444,0.5421151989096865,30.3205698133749,0.7939377045157165,30.3205698133749,16.99864502200895,15.388522239938723,NA,6.313580472048236,15.97923512112452,22.005742072123336,21.188533044651052,5.365725601999701,0.39361318045793575,10.289838387091388,31.146474461979427,1.030193368755941,0.7458007703225658,1.2499438189621956
2023,PYN,86.42222222222222,0.9666666666666666,86.42222222222222,19.81111111111111,22.511111111111106,NA,2.98888888888889,27.400000000000002,11.011111111111111,21.077777777777776,0.8222222222222217,0.17777777777777798,1.6111111111111112,11.22222222222222,1.1333333333333335,1.4916666666666665,0.3378399065669061,20.817547577490313,1.1287857650461344,20.817547577490313,16.123745100159923,20.057358449333353,NA,5.679639259877961,19.457704057545207,13.140121632023414,16.91500748306985,3.3371513714401866,0.38446746411276156,5.1509668437797,26.400875784663896,2.089029665615168,0.6242411123052815,0.5428573775261617
2023,PYS,79.71111111111111,1.1111111111111114,79.71111111111111,13.011111111111106,15.16666666666667,NA,14.622222222222224,31.41111111111112,32.18888888888889,20.611111111111107,0.42222222222222205,0.6444444444444444,6.4555555555555575,16.96666666666667,1.5222222222222221,1.5666666666666669,0.5971123930019735,28.44163921872632,1.0270985034699507,28.44163921872632,13.701057487641263,18.285040241388952,NA,12.676243176653639,20.25228212661058,22.887558292536525,13.98931730827349,1.84803435068139,0.48136302521843183,13.120154417348967,31.07600324250353,1.4705175866117122,0.9531143511101564,1.4452988925785872
2023,PYW,91.15555555555555,1.6292134831460676,91.15555555555555,28.833333333333332,12.95555555555556,NA,8.511111111111111,21.73333333333333,34.41111111111112,18.144444444444446,0.7777777777777775,0.36666666666666636,7.566666666666667,27.5,1.9888888888888892,2.0305555555555554,0.45569103676466394,17.008201003436056,1.7279916250317227,17.008201003436056,23.373013344645756,14.393281134707324,NA,8.950857650758653,17.702789724925953,27.767451014275906,15.87702821590959,3.3310853843308927,0.48459411952081843,11.311771734581681,33.18394426983282,1.9858739589344625,0.898522333901251,0.4535888242375009
2023,RCH,66.76666666666668,0.43888888888888883,66.76666666666668,13.111111111111107,24.822222222222223,NA,18.311111111111114,32.7,31.2,19.888888888888882,3.5,0.33333333333333337,24.05555555555556,42.699999999999996,1.1888888888888889,1.7638888888888886,0.5342584568965025,25.749462741204404,0.621830289439104,25.749462741204404,12.488596546264938,18.75781651470929,NA,18.84451128294745,21.76712808729114,18.485463465938913,21.95881970408483,10.317705955287506,0.47404546313997703,20.36705927767862,33.341087113164726,2.5523483104051365,1.1288859920387104,0.7954301437637309
2023,RIN,84.1888888888889,4.764367816091954,84.1888888888889,32.855555555555554,0.17777777777777798,NA,18.299999999999997,17.91111111111112,19.744444444444447,3.5444444444444443,6.011111111111111,0.4888888888888893,7.677777777777778,34.577777777777776,6.100000000000001,3.177777777777778,0.9192388155425119,23.602939468645612,4.150398608245266,23.602939468645612,24.22022606854622,1.6865480854231363,NA,16.218625719361047,16.160462534016734,15.879858708730321,6.988210153434449,11.328094184490345,0.5026769786045268,11.250795505235361,37.97544380365941,7.719885310902175,1.840647649683975,1.0136706022607351
2023,RIS,95.94680851063829,3.037634408602151,95.94680851063829,16.117021276595743,7.457446808510637,NA,12.212765957446809,19.585106382978722,37.56382978723404,12.92553191489362,11.659574468085102,0.5106382978723405,7.9361702127659575,18.797872340425535,4.872340425531914,4.893617021276595,0.9703912209900492,10.950884504244538,2.418493691216778,10.950884504244538,18.083353233017377,13.461745795502587,NA,13.211979201382105,20.039965217099038,20.924625874091905,15.827863930289034,21.284328725128734,0.5025671912722798,15.56105457813253,27.17983906019986,6.204809169434698,2.9879888050429506,1.6296448671551331
2023,RNR,76.66666666666667,0.8,76.66666666666667,25.888888888888886,2.555555555555555,NA,12.766666666666667,15.511111111111113,36.05555555555556,15.344444444444443,4.5555555555555545,0.2888888888888887,3.4666666666666655,14.26666666666667,4.355555555555556,3.552777777777778,0.7621039752788346,28.094943365250415,1.0407430362081367,28.094943365250415,26.448357330714018,7.048963763371768,NA,14.781593473573054,16.7467886872627,22.466634992587057,18.680736404361546,14.564163430470819,0.45578539313393635,9.20332133501301,26.825193591770308,6.562253502890961,1.6858192605602489,0.9070744291264258
